StockCode,ABC,XYZ,ABC_XYZ
10002,C,Z,CZ
10080,C,Z,CZ
10120,C,Z,CZ
10123C,C,Z,CZ
10124A,C,Z,CZ
10124G,C,Z,CZ
10125,B,Y,BY
10133,B,Z,BZ
10135,B,Y,BY
11001,B,Y,BY
15030,C,Z,CZ
15034,C,Z,CZ
15036,A,Y,AY
15039,B,Z,BZ
15044A,B,Y,BY
15044B,B,Z,BZ
15044C,C,Z,CZ
15044D,B,Y,BY
15056BL,A,Y,AY
15056N,A,Y,AY
15056P,A,Y,AY
15058A,B,Z,BZ
15058B,B,Z,BZ
15058C,B,Z,BZ
15060B,B,Y,BY
16008,C,Z,CZ
16010,C,Z,CZ
16011,C,Y,CY
16012,C,Z,CZ
16014,A,Z,AZ
16015,C,Z,CZ
16016,B,Y,BY
16020C,C,Z,CZ
16033,C,Z,CZ
16043,C,Z,CZ
16045,C,Z,CZ
16046,C,Z,CZ
16048,C,Y,CY
16049,C,Z,CZ
16052,C,Z,CZ
16054,C,Z,CZ
16151A,C,Z,CZ
16156L,C,Y,CY
16156S,B,Y,BY
16161G,C,Z,CZ
16161M,C,Z,CZ
16161P,A,Y,AY
16161U,B,Y,BY
16162L,C,Z,CZ
16162M,C,Z,CZ
16168M,C,Y,CY
16169E,B,Z,BZ
16169K,C,Z,CZ
16169M,C,Y,CY
16169N,C,Z,CZ
16169P,C,Z,CZ
16202A,C,Z,CZ
16202B,C,Z,CZ
16202E,C,Z,CZ
16206B,C,Z,CZ
16207A,C,Z,CZ
16207B,C,Z,CZ
16216,C,Z,CZ
16218,C,Z,CZ
16219,C,Z,CZ
16225,C,Z,CZ
16235,C,Y,CY
16236,C,Y,CY
16237,B,Y,BY
16238,C,Y,CY
16244B,C,Z,CZ
16248B,C,Z,CZ
16254,C,Z,CZ
16258A,C,Z,CZ
16259,C,Z,CZ
17001,C,Z,CZ
17003,A,Y,AY
17007B,C,Z,CZ
17011F,C,Z,CZ
17012A,C,Z,CZ
17012B,C,Z,CZ
17012C,C,Z,CZ
17012D,C,Z,CZ
17012E,C,Z,CZ
17012F,C,Z,CZ
17013D,C,Z,CZ
17014A,C,Z,CZ
17021,C,Z,CZ
17028J,C,Z,CZ
17038,C,Y,CY
17084A,C,Z,CZ
17084J,C,Z,CZ
17084N,C,Y,CY
17084P,C,Y,CY
17084R,C,Z,CZ
17090A,C,Z,CZ
17090D,C,Z,CZ
17091A,C,Z,CZ
17091J,B,Y,BY
17096,C,Z,CZ
17107D,C,Y,CY
17109D,C,Z,CZ
17129F,C,Z,CZ
17136A,C,Z,CZ
17164B,C,Z,CZ
17165D,C,Z,CZ
17174,C,Z,CZ
17191A,C,Z,CZ
18007,C,Z,CZ
18094C,C,Z,CZ
18097A,C,Z,CZ
18097C,B,Z,BZ
18098C,C,Z,CZ
20615,C,Z,CZ
20616,C,Z,CZ
20617,C,Y,CY
20618,C,Y,CY
20619,C,Z,CZ
20622,C,Z,CZ
20652,C,Z,CZ
20653,C,Z,CZ
20654,C,Y,CY
20655,C,Y,CY
20657,C,Z,CZ
20658,C,Y,CY
20659,C,Y,CY
20661,C,Z,CZ
20662,C,Z,CZ
20663,C,Z,CZ
20664,C,Z,CZ
20665,B,Y,BY
20666,C,Z,CZ
20667,C,Z,CZ
20668,B,Z,BZ
20669,C,Y,CY
20670,C,Z,CZ
20671,C,Z,CZ
20674,B,Y,BY
20675,A,Y,AY
20676,A,X,AX
20677,A,X,AX
20678,C,Z,CZ
20679,A,Y,AY
20681,C,Z,CZ
20682,A,Y,AY
20684,C,Z,CZ
20685,A,Y,AY
20686,B,Y,BY
20694,C,Z,CZ
20695,C,Z,CZ
20696,C,Z,CZ
20697,C,Z,CZ
20698,C,Z,CZ
20699,C,Z,CZ
20700,C,Z,CZ
20701,C,Z,CZ
20702,C,Y,CY
20703,C,X,CX
20704,C,Z,CZ
20705,C,Z,CZ
20707,C,Y,CY
20711,A,Y,AY
20712,A,Y,AY
20713,A,Y,AY
20716,C,Z,CZ
20717,B,Y,BY
20718,A,X,AX
20719,A,X,AX
20723,A,Y,AY
20724,A,X,AX
20725,A,X,AX
20726,A,X,AX
20727,A,X,AX
20728,A,Y,AY
20731,C,Z,CZ
20733,C,Z,CZ
20735,C,Z,CZ
20748,C,Y,CY
20749,A,Y,AY
20750,A,X,AX
20751,B,X,BX
20752,C,Y,CY
20754,A,Y,AY
20755,C,Y,CY
20756,C,Z,CZ
20757,C,Z,CZ
20758,C,Y,CY
20759,C,Z,CZ
20760,C,Z,CZ
20761,C,Y,CY
20762,C,Y,CY
20763,C,Z,CZ
20764,C,X,CX
20765,C,X,CX
20766,C,Y,CY
20767,C,Y,CY
20768,C,Z,CZ
20769,C,Z,CZ
20770,C,Z,CZ
20771,C,Z,CZ
20772,C,Z,CZ
20773,C,Z,CZ
20774,C,Z,CZ
20775,C,Z,CZ
20777,C,Z,CZ
20778,C,Z,CZ
20780,C,Z,CZ
20781,C,Z,CZ
20782,C,Z,CZ
20785,C,Z,CZ
20793,C,Z,CZ
20794,C,Z,CZ
20795,C,Z,CZ
20796,C,Z,CZ
20798,C,Z,CZ
20801,C,Z,CZ
20802,C,Z,CZ
20803,C,Z,CZ
20816,C,Z,CZ
20818,C,Z,CZ
20819,C,Z,CZ
20820,C,Z,CZ
20821,C,Z,CZ
20823,C,Z,CZ
20826,C,Z,CZ
20827,C,Z,CZ
20828,B,Y,BY
20829,B,Y,BY
20830,C,Y,CY
20831,C,Z,CZ
20832,C,Z,CZ
20835,C,Z,CZ
20836,C,Z,CZ
20837,C,Z,CZ
20838,C,Z,CZ
20839,C,Z,CZ
20840,C,Z,CZ
20845,C,Z,CZ
20846,C,Y,CY
20847,C,Z,CZ
20848,C,Y,CY
20851,C,Z,CZ
20854,C,Z,CZ
20856,C,Y,CY
20857,C,Z,CZ
20861,C,Z,CZ
20866,C,Z,CZ
20867,C,Z,CZ
20868,C,Z,CZ
20869,C,Z,CZ
20878,C,Z,CZ
20886,B,Y,BY
20892,C,Z,CZ
20893,C,Z,CZ
20894,C,Z,CZ
20897,C,Z,CZ
20898,C,Z,CZ
20901,C,Z,CZ
20902,C,Z,CZ
20903,C,Y,CY
20906,C,Z,CZ
20910,C,Z,CZ
20914,A,X,AX
20931,C,Z,CZ
20932,C,Z,CZ
20933,C,Z,CZ
20934,C,Z,CZ
20935,C,Z,CZ
20936,C,Z,CZ
20941,C,Z,CZ
20956,B,Z,BZ
20957,C,X,CX
20961,B,Z,BZ
20963,B,Z,BZ
20964,C,Z,CZ
20966,C,Z,CZ
20967,B,Z,BZ
20969,A,Z,AZ
20970,A,Y,AY
20971,A,Z,AZ
20972,A,Y,AY
20973,B,Z,BZ
20974,A,Y,AY
20975,A,Y,AY
20977,B,Y,BY
20978,B,Y,BY
20979,A,Y,AY
20980,C,Z,CZ
20981,B,Y,BY
20982,B,Z,BZ
20983,B,Y,BY
20984,B,Z,BZ
20985,B,Z,BZ
20986,C,Z,CZ
20992,B,Z,BZ
20996,C,Y,CY
20997,C,Z,CZ
20998,C,Z,CZ
21000,C,Y,CY
21001,C,Z,CZ
21002,C,Z,CZ
21003,C,Z,CZ
21011,C,Z,CZ
21012,B,Y,BY
21014,C,Z,CZ
21015,C,Z,CZ
21018,C,Z,CZ
21025,C,Z,CZ
21026,C,Z,CZ
21027,C,Y,CY
21028,C,Z,CZ
21030,C,Z,CZ
21031,C,Z,CZ
21032,C,Z,CZ
21033,B,Z,BZ
21034,B,Y,BY
21035,A,Y,AY
21038,C,Z,CZ
21039,B,Y,BY
21040,C,Z,CZ
21041,B,Y,BY
21042,B,Y,BY
21043,B,Z,BZ
21051,C,Z,CZ
21054,C,Z,CZ
21055,B,Z,BZ
21056,B,Z,BZ
21058,B,Z,BZ
21059,C,Y,CY
21060,C,X,CX
21061,C,Y,CY
21062,C,X,CX
21063,C,X,CX
21064,C,Z,CZ
21065,B,Z,BZ
21066,C,Z,CZ
21067,C,Z,CZ
21068,B,Z,BZ
21069,B,Z,BZ
21070,B,Z,BZ
21071,B,Y,BY
21078,B,Y,BY
21080,A,X,AX
21084,C,Z,CZ
21086,A,X,AX
21087,C,Z,CZ
21088,C,Z,CZ
21089,C,Z,CZ
21090,C,Z,CZ
21094,A,X,AX
21095,C,Z,CZ
21096,C,Z,CZ
21098,A,Z,AZ
21100,C,Z,CZ
21106,C,Z,CZ
21107,B,Z,BZ
21108,A,Z,AZ
21109,B,Z,BZ
21110,B,Z,BZ
21111,B,Z,BZ
21112,B,Z,BZ
21114,B,X,BX
21115,A,Z,AZ
21116,B,Y,BY
21117,C,Z,CZ
21121,A,Y,AY
21122,A,X,AX
21123,B,Y,BY
21124,A,Y,AY
21125,C,Y,CY
21126,C,Y,CY
21128,C,Z,CZ
21129,C,Z,CZ
21131,C,Z,CZ
21132,C,Y,CY
21135,A,Z,AZ
21136,A,X,AX
21137,A,Y,AY
21143,C,Z,CZ
21144,C,X,CX
21145,C,Z,CZ
21147,C,Z,CZ
21154,A,X,AX
21155,A,Y,AY
21156,A,Y,AY
21157,C,Z,CZ
21158,C,Z,CZ
21159,C,Z,CZ
21161,C,Z,CZ
21162,C,Z,CZ
21163,C,Z,CZ
21164,A,Y,AY
21165,A,X,AX
21166,A,Y,AY
21167,C,Y,CY
21169,A,Y,AY
21171,C,Z,CZ
21172,A,Y,AY
21174,A,Y,AY
21175,A,Y,AY
21179,B,Z,BZ
21181,A,Y,AY
21187,C,Z,CZ
21188,B,Z,BZ
21189,C,Y,CY
21190,C,Z,CZ
21191,C,Y,CY
21192,B,Z,BZ
21194,C,Y,CY
21195,C,Z,CZ
21196,C,Z,CZ
21197,C,Z,CZ
21198,B,Z,BZ
21199,C,Z,CZ
21200,B,Z,BZ
21201,A,Y,AY
21202,C,Z,CZ
21204,C,Y,CY
21205,C,Y,CY
21206,B,Z,BZ
21207,B,Y,BY
21208,C,Y,CY
21209,C,Y,CY
21210,A,Y,AY
21211,B,Z,BZ
21212,A,X,AX
21213,A,Y,AY
21215,C,Y,CY
21216,A,X,AX
21217,A,Y,AY
21218,A,Y,AY
21219,C,Y,CY
21220,C,Y,CY
21221,C,Y,CY
21222,C,Y,CY
21224,B,X,BX
21226,C,Z,CZ
21228,C,Z,CZ
21231,A,X,AX
21232,A,X,AX
21238,A,Y,AY
21239,B,Y,BY
21240,B,Y,BY
21242,A,X,AX
21243,A,Y,AY
21244,A,Y,AY
21245,B,Y,BY
21246,B,Y,BY
21248,C,Y,CY
21249,B,Y,BY
21250,C,Z,CZ
21251,C,Y,CY
21253,C,Z,CZ
21257,A,Y,AY
21258,A,Z,AZ
21259,A,Y,AY
21260,A,Y,AY
21261,C,Z,CZ
21262,C,Z,CZ
21263,C,Z,CZ
21264,C,Z,CZ
21265,C,Z,CZ
21268,C,Z,CZ
21269,C,Y,CY
21270,C,Z,CZ
21272,C,Z,CZ
21275,C,Z,CZ
21277,C,Y,CY
21278,C,Z,CZ
21279,C,Z,CZ
21280,C,Z,CZ
21281,C,Z,CZ
21284,C,Z,CZ
21285,C,Z,CZ
21286,C,Z,CZ
21287,C,Z,CZ
21288,C,Y,CY
21289,C,Z,CZ
21291,C,Z,CZ
21292,C,Z,CZ
21293,C,Z,CZ
21294,C,Z,CZ
21306,C,Z,CZ
21307,C,Z,CZ
21310,C,Z,CZ
21311,C,Z,CZ
21313,B,X,BX
21314,A,X,AX
21316,C,Z,CZ
21317,C,Z,CZ
21318,C,Z,CZ
21319,C,Z,CZ
21320,C,Z,CZ
21324,C,Z,CZ
21326,A,Y,AY
21327,B,Y,BY
21328,B,Y,BY
21329,B,Z,BZ
21331,C,Z,CZ
21332,C,Z,CZ
21333,C,Z,CZ
21336,C,Z,CZ
21340,A,X,AX
21344,C,Z,CZ
21348,C,Z,CZ
21349,C,Z,CZ
21351,C,Z,CZ
21352,B,Z,BZ
21354,B,Y,BY
21355,B,Z,BZ
21356,C,Y,CY
21357,C,Z,CZ
21358,C,Y,CY
21359,C,Z,CZ
21360,C,Z,CZ
21361,B,Z,BZ
21363,B,Z,BZ
21364,C,Z,CZ
21365,C,Y,CY
21366,C,Z,CZ
21367,C,Z,CZ
21368,C,Z,CZ
21369,C,Z,CZ
21370,C,Z,CZ
21371,C,Z,CZ
21372,C,Z,CZ
21373,C,Z,CZ
21374,C,Z,CZ
21375,C,Y,CY
21376,C,Y,CY
21377,C,Y,CY
21378,C,Y,CY
21379,C,Z,CZ
21380,A,Y,AY
21381,A,Z,AZ
21382,B,Y,BY
21383,C,Z,CZ
21385,A,Y,AY
21386,C,Y,CY
21389,B,Z,BZ
21390,A,Y,AY
21391,B,Z,BZ
21392,C,Z,CZ
21393,C,Z,CZ
21394,B,Y,BY
21395,B,Z,BZ
21397,C,Z,CZ
21398,C,Z,CZ
21399,C,Z,CZ
21400,C,Y,CY
21401,C,Y,CY
21402,C,Y,CY
21403,C,Y,CY
21407,B,Y,BY
21408,C,Z,CZ
21411,B,Z,BZ
21412,C,X,CX
21413,C,Z,CZ
21414,C,Z,CZ
21415,C,Y,CY
21416,C,Z,CZ
21417,C,Z,CZ
21418,C,Z,CZ
21420,C,Z,CZ
21421,C,Z,CZ
21422,B,Z,BZ
21424,C,Z,CZ
21425,C,Z,CZ
21426,C,Z,CZ
21427,C,Z,CZ
21428,A,Y,AY
21429,A,Y,AY
21430,A,Y,AY
21439,B,Z,BZ
21441,C,Z,CZ
21442,C,Z,CZ
21445,C,Z,CZ
21446,C,Y,CY
21447,B,Y,BY
21448,C,Z,CZ
21452,B,Y,BY
21454,C,Z,CZ
21455,C,Z,CZ
21456,C,Z,CZ
21457,C,Z,CZ
21458,C,Z,CZ
21459,C,Z,CZ
21460,C,Z,CZ
21461,C,Z,CZ
21462,B,Z,BZ
21463,A,Y,AY
21464,B,Y,BY
21465,C,X,CX
21466,B,Y,BY
21467,B,Y,BY
21468,C,Y,CY
21469,B,Y,BY
21470,B,Y,BY
21471,B,Y,BY
21472,C,Z,CZ
21473,C,Y,CY
21476,C,Z,CZ
21479,A,Z,AZ
21481,A,Y,AY
21484,A,Z,AZ
21485,A,Z,AZ
21486,C,Z,CZ
21488,C,Z,CZ
21494,B,Z,BZ
21495,B,Y,BY
21497,A,Y,AY
21498,A,X,AX
21499,A,X,AX
21500,A,X,AX
21503,C,Z,CZ
21504,C,Y,CY
21506,B,X,BX
21507,B,X,BX
21508,B,X,BX
21509,B,X,BX
21518,C,Z,CZ
21519,B,X,BX
21520,C,Y,CY
21523,A,Y,AY
21524,A,Y,AY
21527,A,Z,AZ
21528,B,Y,BY
21530,C,Y,CY
21531,A,Y,AY
21533,A,Y,AY
21534,B,X,BX
21535,A,Y,AY
21537,B,Z,BZ
21538,C,Z,CZ
21539,A,Y,AY
21544,B,Y,BY
21547,C,Z,CZ
21555,C,Z,CZ
21556,B,Z,BZ
21557,B,Z,BZ
21558,A,X,AX
21559,A,Y,AY
21561,A,Y,AY
21562,C,Z,CZ
21563,A,Z,AZ
21564,B,Z,BZ
21576,C,Y,CY
21577,B,X,BX
21578,B,Y,BY
21579,C,Y,CY
21580,C,Y,CY
21581,C,Y,CY
21584,B,Y,BY
21586,B,Z,BZ
21587,C,Z,CZ
21588,A,Z,AZ
21591,B,Z,BZ
21592,B,Y,BY
21609,B,Z,BZ
21613,C,Z,CZ
21614,C,Z,CZ
21615,B,Z,BZ
21616,B,Z,BZ
21617,B,Z,BZ
21618,C,Z,CZ
21619,B,Z,BZ
21620,B,Z,BZ
21621,A,Y,AY
21622,B,Z,BZ
21623,A,Z,AZ
21624,B,Y,BY
21625,B,Y,BY
21626,B,Z,BZ
21627,C,Y,CY
21628,C,Z,CZ
21629,C,Z,CZ
21630,C,Z,CZ
21631,C,Z,CZ
21632,C,Z,CZ
21633,C,Z,CZ
21634,C,Z,CZ
21635,C,Z,CZ
21636,C,Z,CZ
21637,C,Z,CZ
21638,C,Z,CZ
21640,C,Z,CZ
21641,C,Z,CZ
21642,C,Z,CZ
21643,C,Y,CY
21644,C,Y,CY
21645,C,X,CX
21647,C,Z,CZ
21648,B,Z,BZ
21650,C,Y,CY
21651,C,Z,CZ
21654,C,Z,CZ
21655,C,Z,CZ
21656,C,Z,CZ
21657,C,Z,CZ
21658,A,Y,AY
21661,C,Z,CZ
21662,C,Z,CZ
21664,C,Z,CZ
21666,C,Y,CY
21667,C,Z,CZ
21668,A,X,AX
21669,A,X,AX
21670,A,X,AX
21671,A,X,AX
21672,A,Y,AY
21673,A,Y,AY
21675,C,Y,CY
21676,C,Y,CY
21677,C,Y,CY
21678,C,Z,CZ
21679,B,Y,BY
21680,C,Y,CY
21681,C,Z,CZ
21682,B,Y,BY
21683,B,Y,BY
21684,C,Z,CZ
21686,B,Z,BZ
21688,B,Y,BY
21689,C,Y,CY
21690,C,Z,CZ
21692,C,Z,CZ
21693,B,Y,BY
21694,B,Z,BZ
21695,B,Y,BY
21696,C,Y,CY
21698,C,Z,CZ
21700,B,Y,BY
21703,A,Y,AY
21704,A,Y,AY
21705,B,Z,BZ
21706,B,Y,BY
21707,C,Y,CY
21708,C,Z,CZ
21709,C,Y,CY
21710,C,Z,CZ
21711,C,Z,CZ
21713,B,Z,BZ
21714,B,Z,BZ
21715,A,Y,AY
21716,A,Y,AY
21717,B,Z,BZ
21718,B,Z,BZ
21719,C,Y,CY
21720,C,Z,CZ
21721,C,Z,CZ
21722,C,Z,CZ
21723,C,Z,CZ
21724,C,Y,CY
21725,C,Z,CZ
21726,C,Z,CZ
21730,B,Z,BZ
21731,A,Y,AY
21733,A,Y,AY
21735,B,Y,BY
21736,C,Z,CZ
21738,C,Z,CZ
21739,C,Z,CZ
21741,C,Z,CZ
21742,B,Z,BZ
21743,C,Z,CZ
21744,B,Z,BZ
21745,A,X,AX
21746,A,Y,AY
21747,C,Z,CZ
21749,A,Z,AZ
21750,C,Z,CZ
21754,A,X,AX
21755,A,X,AX
21756,A,X,AX
21757,C,Z,CZ
21758,C,Z,CZ
21761,C,Y,CY
21763,C,Z,CZ
21769,C,Z,CZ
21770,A,Z,AZ
21773,C,Z,CZ
21774,C,Z,CZ
21775,C,Y,CY
21777,C,Z,CZ
21781,B,Z,BZ
21784,C,Z,CZ
21785,C,Z,CZ
21786,C,Y,CY
21787,A,Z,AZ
21788,B,Y,BY
21789,C,Y,CY
21790,A,Y,AY
21791,A,Y,AY
21792,B,Z,BZ
21793,B,Y,BY
21794,B,Z,BZ
21801,C,Z,CZ
21802,C,Z,CZ
21803,C,Z,CZ
21804,C,Z,CZ
21807,C,Z,CZ
21808,C,Z,CZ
21809,B,Z,BZ
21810,B,Z,BZ
21811,B,Z,BZ
21812,B,Z,BZ
21813,B,Z,BZ
21814,C,Z,CZ
21815,C,Z,CZ
21816,C,Z,CZ
21817,C,Z,CZ
21818,B,Z,BZ
21819,B,Z,BZ
21820,B,Z,BZ
21821,C,Z,CZ
21822,C,Z,CZ
21823,C,Z,CZ
21824,C,Z,CZ
21826,C,Z,CZ
21827,C,Z,CZ
21828,C,Y,CY
21829,B,Y,BY
21830,B,Y,BY
21832,B,Y,BY
21833,A,Y,AY
21836,C,Z,CZ
21839,C,Z,CZ
21841,C,Z,CZ
21843,A,Y,AY
21844,A,Y,AY
21845,B,Y,BY
21846,C,Z,CZ
21847,C,Z,CZ
21849,C,Z,CZ
21850,C,Z,CZ
21851,C,Z,CZ
21864,B,Y,BY
21865,C,Y,CY
21866,C,Y,CY
21867,C,Y,CY
21868,A,Y,AY
21870,B,Z,BZ
21871,A,Y,AY
21872,B,Z,BZ
21873,B,Z,BZ
21874,A,Z,AZ
21875,B,Z,BZ
21876,A,Y,AY
21877,A,Z,AZ
21878,B,Z,BZ
21879,C,Z,CZ
21880,C,Z,CZ
21881,C,Z,CZ
21882,C,Z,CZ
21883,C,Z,CZ
21884,C,Z,CZ
21888,A,Y,AY
21889,A,Y,AY
21890,A,Y,AY
21891,A,Y,AY
21892,A,Y,AY
21894,C,Y,CY
21895,C,Z,CZ
21896,B,Z,BZ
21897,B,Z,BZ
21898,B,Z,BZ
21899,B,Z,BZ
21900,B,Y,BY
21901,B,X,BX
21902,B,Z,BZ
21903,B,X,BX
21904,C,Z,CZ
21905,C,Y,CY
21906,A,Z,AZ
21907,A,Y,AY
21908,A,X,AX
21910,C,Z,CZ
21911,C,Z,CZ
21912,A,Y,AY
21913,B,Y,BY
21914,A,Y,AY
21915,A,Y,AY
21916,B,Y,BY
21917,B,Y,BY
21918,A,Y,AY
21922,A,Z,AZ
21925,C,Y,CY
21926,C,Y,CY
21927,C,Y,CY
21928,A,X,AX
21929,A,X,AX
21930,A,Y,AY
21931,A,X,AX
21932,A,Z,AZ
21933,A,Z,AZ
21934,B,Y,BY
21935,A,Y,AY
21936,A,Z,AZ
21937,A,Z,AZ
21942,C,Z,CZ
21943,C,Z,CZ
21944,C,Z,CZ
21945,C,Z,CZ
21946,C,Z,CZ
21947,C,Z,CZ
21948,C,Z,CZ
21949,C,Z,CZ
21955,A,Z,AZ
21967,B,Z,BZ
21972,C,Y,CY
21973,C,Z,CZ
21974,A,Y,AY
21975,A,Y,AY
21976,B,Y,BY
21977,A,Y,AY
21980,B,Y,BY
21981,B,Y,BY
21982,B,Y,BY
21983,C,X,CX
21984,B,Y,BY
21985,B,Y,BY
21986,B,Z,BZ
21987,B,Y,BY
21988,B,Y,BY
21989,B,Y,BY
21990,B,Z,BZ
21991,C,Z,CZ
21992,B,Z,BZ
21993,B,Z,BZ
22021,C,Z,CZ
22023,C,X,CX
22024,B,X,BX
22025,C,Y,CY
22026,C,Y,CY
22027,B,X,BX
22028,B,Y,BY
22029,A,X,AX
22030,B,Y,BY
22031,C,Y,CY
22032,C,Y,CY
22033,C,Z,CZ
22034,C,X,CX
22035,C,Y,CY
22037,B,X,BX
22038,C,Y,CY
22039,C,Z,CZ
22040,C,Y,CY
22041,A,Y,AY
22042,C,Z,CZ
22043,C,Z,CZ
22044,C,Z,CZ
22045,A,Y,AY
22046,B,X,BX
22047,B,Y,BY
22048,C,Y,CY
22049,C,Z,CZ
22050,C,Y,CY
22051,C,Y,CY
22052,C,Z,CZ
22053,A,Z,AZ
22055,B,Y,BY
22057,C,Z,CZ
22059,B,Y,BY
22060,B,Z,BZ
22061,A,Z,AZ
22062,C,Y,CY
22063,B,Z,BZ
22064,B,Y,BY
22065,A,Z,AZ
22066,B,Y,BY
22067,C,Y,CY
22068,C,Z,CZ
22069,C,Z,CZ
22070,B,Z,BZ
22071,B,Z,BZ
22072,B,Y,BY
22073,B,Z,BZ
22074,C,Z,CZ
22075,B,Z,BZ
22076,B,Z,BZ
22077,A,X,AX
22078,A,Y,AY
22079,A,Y,AY
22080,B,Z,BZ
22081,B,Y,BY
22082,A,X,AX
22083,A,X,AX
22084,A,Z,AZ
22085,B,Y,BY
22086,A,Z,AZ
22087,A,Z,AZ
22088,A,Z,AZ
22089,A,Y,AY
22090,A,Y,AY
22091,B,Z,BZ
22092,C,Z,CZ
22093,B,Z,BZ
22094,B,Z,BZ
22095,B,Z,BZ
22096,C,Z,CZ
22097,C,Z,CZ
22098,B,Z,BZ
22099,C,Z,CZ
22100,C,Z,CZ
22101,C,Z,CZ
22102,C,Z,CZ
22103,C,Z,CZ
22104,C,Z,CZ
22105,C,Z,CZ
22106,C,Z,CZ
22107,B,Z,BZ
22108,C,Z,CZ
22109,A,Y,AY
22110,B,Z,BZ
22111,A,Z,AZ
22112,A,Z,AZ
22113,A,Z,AZ
22114,A,Z,AZ
22115,B,Y,BY
22116,C,Y,CY
22117,A,Z,AZ
22118,C,Z,CZ
22119,B,Z,BZ
22120,A,Y,AY
22121,B,Z,BZ
22123,B,Y,BY
22124,C,Z,CZ
22125,C,Z,CZ
22127,C,Z,CZ
22128,B,Z,BZ
22129,B,Z,BZ
22130,B,Z,BZ
22131,A,Y,AY
22132,C,Z,CZ
22133,C,Y,CY
22134,C,Z,CZ
22135,C,Y,CY
22136,C,Z,CZ
22137,C,Z,CZ
22138,A,Y,AY
22139,A,Y,AY
22141,A,Z,AZ
22142,A,Z,AZ
22144,A,Z,AZ
22145,C,Z,CZ
22146,C,Z,CZ
22147,A,Y,AY
22148,A,Z,AZ
22149,A,Y,AY
22150,A,X,AX
22151,A,Y,AY
22152,B,Z,BZ
22153,B,Z,BZ
22154,B,Z,BZ
22155,B,Z,BZ
22156,B,X,BX
22157,C,Z,CZ
22158,A,Z,AZ
22161,B,Z,BZ
22162,C,Y,CY
22163,C,Z,CZ
22164,C,Z,CZ
22165,B,Z,BZ
22166,C,Z,CZ
22167,B,Y,BY
22168,B,Z,BZ
22169,A,Y,AY
22170,A,X,AX
22171,A,Y,AY
22173,A,Y,AY
22174,A,Z,AZ
22175,B,Z,BZ
22176,B,Y,BY
22178,A,X,AX
22179,A,Y,AY
22180,A,Y,AY
22181,C,Y,CY
22182,C,Z,CZ
22183,C,Z,CZ
22184,C,Z,CZ
22185,B,Y,BY
22186,B,Z,BZ
22187,B,Z,BZ
22188,A,Z,AZ
22189,A,Y,AY
22190,C,Y,CY
22191,A,X,AX
22192,A,X,AX
22193,A,Y,AY
22194,C,Z,CZ
22195,A,Y,AY
22196,B,Y,BY
22197,A,Y,AY
22198,B,Z,BZ
22199,B,Y,BY
22200,B,Y,BY
22201,C,Z,CZ
22202,C,Z,CZ
22203,B,Y,BY
22204,C,Y,CY
22207,A,X,AX
22208,B,Y,BY
22209,B,Y,BY
22210,B,Z,BZ
22211,C,Y,CY
22212,A,Y,AY
22214,C,Z,CZ
22215,B,Y,BY
22216,C,Z,CZ
22217,C,Z,CZ
22218,C,Z,CZ
22219,A,Y,AY
22220,B,Z,BZ
22221,B,Z,BZ
22222,A,Z,AZ
22223,B,Z,BZ
22224,B,Y,BY
22227,B,X,BX
22228,C,Z,CZ
22229,C,Z,CZ
22230,C,Z,CZ
22231,C,Y,CY
22232,C,Y,CY
22233,C,Y,CY
22236,A,Y,AY
22241,B,Z,BZ
22242,B,Z,BZ
22243,A,Z,AZ
22244,A,Y,AY
22245,B,Z,BZ
22246,C,Z,CZ
22247,C,Z,CZ
22248,C,Z,CZ
22249,C,Z,CZ
22250,C,Z,CZ
22251,C,Z,CZ
22252,C,Y,CY
22254,C,Z,CZ
22255,C,Y,CY
22256,C,Z,CZ
22257,C,Z,CZ
22258,C,Z,CZ
22259,C,Z,CZ
22260,C,Z,CZ
22261,C,Z,CZ
22262,C,Z,CZ
22263,C,Z,CZ
22264,C,Z,CZ
22265,C,Z,CZ
22266,C,Z,CZ
22267,C,Y,CY
22268,C,Y,CY
22269,C,Z,CZ
22270,C,Z,CZ
22271,A,Y,AY
22272,C,Z,CZ
22273,A,Z,AZ
22274,A,Y,AY
22275,C,Z,CZ
22276,C,Y,CY
22277,C,Z,CZ
22278,B,Y,BY
22279,C,Z,CZ
22280,C,Z,CZ
22281,C,Z,CZ
22282,B,Y,BY
22283,B,Y,BY
22284,B,Z,BZ
22285,B,Z,BZ
22286,B,Y,BY
22287,C,Z,CZ
22288,C,Z,CZ
22289,C,Z,CZ
22291,B,Z,BZ
22292,B,Z,BZ
22293,B,Z,BZ
22294,A,Y,AY
22295,A,Y,AY
22296,A,X,AX
22297,A,Y,AY
22299,B,Z,BZ
22300,A,Z,AZ
22301,A,Y,AY
22302,A,Y,AY
22303,A,Y,AY
22304,B,Z,BZ
22305,B,Z,BZ
22306,B,Z,BZ
22307,B,Z,BZ
22308,C,Z,CZ
22309,C,Z,CZ
22310,B,Z,BZ
22311,A,Z,AZ
22312,B,Y,BY
22313,B,Z,BZ
22314,B,Z,BZ
22315,B,Y,BY
22316,C,Z,CZ
22317,C,Y,CY
22318,B,Y,BY
22319,C,Z,CZ
22320,B,Y,BY
22321,C,Y,CY
22322,C,Z,CZ
22323,C,Z,CZ
22324,C,Z,CZ
22325,C,Y,CY
22326,A,X,AX
22327,B,Y,BY
22328,A,Z,AZ
22329,B,Y,BY
22331,A,Y,AY
22332,B,Y,BY
22333,A,Y,AY
22334,B,Y,BY
22335,B,Y,BY
22336,C,Z,CZ
22337,C,Z,CZ
22338,B,Z,BZ
22339,C,Z,CZ
22340,C,Z,CZ
22341,C,Y,CY
22342,C,Y,CY
22343,C,Y,CY
22344,C,Z,CZ
22345,C,Z,CZ
22346,C,Z,CZ
22348,A,X,AX
22349,A,Z,AZ
22350,A,Z,AZ
22351,C,Z,CZ
22352,A,Y,AY
22353,C,Z,CZ
22354,B,Y,BY
22355,A,X,AX
22356,A,Y,AY
22357,B,Y,BY
22358,B,Y,BY
22359,C,Y,CY
22360,B,Y,BY
22361,B,Y,BY
22362,B,Z,BZ
22363,B,Z,BZ
22364,B,Y,BY
22365,A,Z,AZ
22366,A,Y,AY
22367,A,Y,AY
22371,A,Y,AY
22372,B,Y,BY
22374,B,Y,BY
22375,B,Y,BY
22376,B,Y,BY
22377,B,Z,BZ
22378,B,Z,BZ
22379,A,Y,AY
22380,B,X,BX
22381,A,Y,AY
22382,A,X,AX
22383,A,X,AX
22384,A,Y,AY
22385,A,Y,AY
22386,A,Y,AY
22389,C,Y,CY
22390,C,Y,CY
22391,C,Z,CZ
22393,C,Z,CZ
22394,C,Z,CZ
22395,C,Z,CZ
22396,C,Y,CY
22398,B,Y,BY
22399,B,Y,BY
22400,C,Z,CZ
22402,B,Y,BY
22403,C,Z,CZ
22405,C,Y,CY
22406,C,Y,CY
22407,C,Z,CZ
22408,C,Z,CZ
22409,C,Y,CY
22410,C,Z,CZ
22411,A,Y,AY
22412,B,Y,BY
22413,A,Z,AZ
22414,B,Z,BZ
22415,C,Z,CZ
22416,B,Z,BZ
22417,A,X,AX
22418,A,Y,AY
22419,B,Y,BY
22420,C,Y,CY
22421,B,Y,BY
22422,C,Z,CZ
22423,A,X,AX
22424,A,X,AX
22425,B,X,BX
22426,B,X,BX
22427,A,Y,AY
22428,B,X,BX
22429,A,Y,AY
22430,B,Y,BY
22431,A,Y,AY
22432,A,Y,AY
22433,B,Y,BY
22434,B,Y,BY
22435,A,Y,AY
22436,B,Y,BY
22437,B,Y,BY
22438,B,Z,BZ
22439,B,Y,BY
22440,B,Z,BZ
22441,B,X,BX
22442,B,Z,BZ
22443,B,Z,BZ
22444,B,Z,BZ
22445,B,Y,BY
22446,C,Z,CZ
22447,C,Z,CZ
22448,C,Z,CZ
22449,B,Y,BY
22450,C,Z,CZ
22451,C,Z,CZ
22452,B,Z,BZ
22453,B,Z,BZ
22454,C,Z,CZ
22456,A,X,AX
22457,A,X,AX
22458,B,Z,BZ
22459,B,Z,BZ
22460,A,Y,AY
22461,B,Z,BZ
22464,A,X,AX
22465,A,Y,AY
22466,A,Z,AZ
22467,A,X,AX
22468,A,Y,AY
22469,A,Y,AY
22470,A,Y,AY
22471,B,Z,BZ
22472,B,Y,BY
22473,B,Z,BZ
22474,B,Z,BZ
22475,B,Y,BY
22476,B,Z,BZ
22477,B,Z,BZ
22478,B,Z,BZ
22479,B,Z,BZ
22480,C,Z,CZ
22481,C,Y,CY
22482,C,Z,CZ
22483,B,Y,BY
22485,A,Y,AY
22486,C,Z,CZ
22487,A,Y,AY
22488,A,X,AX
22489,A,X,AX
22491,A,Y,AY
22492,A,X,AX
22493,A,Y,AY
22494,B,Y,BY
22495,C,Z,CZ
22496,C,Z,CZ
22497,C,Y,CY
22498,B,Y,BY
22499,A,Z,AZ
22500,B,Z,BZ
22501,A,Z,AZ
22502,A,Z,AZ
22503,B,Z,BZ
22504,A,Z,AZ
22505,A,Y,AY
22507,A,Y,AY
22508,A,Z,AZ
22509,B,Z,BZ
22510,C,Z,CZ
22511,C,Z,CZ
22512,C,Z,CZ
22513,C,Z,CZ
22514,C,Y,CY
22515,C,Z,CZ
22516,C,Z,CZ
22517,C,Y,CY
22518,C,Z,CZ
22519,C,Z,CZ
22520,C,Z,CZ
22521,C,Z,CZ
22522,C,Z,CZ
22523,C,Y,CY
22524,C,Z,CZ
22525,C,Z,CZ
22526,B,Y,BY
22529,C,Z,CZ
22530,B,Y,BY
22531,B,Y,BY
22532,C,Z,CZ
22533,C,Z,CZ
22534,B,Y,BY
22535,C,Y,CY
22536,B,Z,BZ
22537,C,Y,CY
22538,C,Z,CZ
22539,B,Y,BY
22540,B,Y,BY
22541,C,Z,CZ
22543,C,Z,CZ
22544,B,Y,BY
22545,C,Y,CY
22546,C,Z,CZ
22547,C,Y,CY
22548,B,Z,BZ
22549,A,Y,AY
22550,A,Y,AY
22551,A,Y,AY
22553,A,X,AX
22554,A,Y,AY
22555,A,X,AX
22556,A,X,AX
22557,A,X,AX
22558,A,X,AX
22559,C,Z,CZ
22560,A,X,AX
22561,A,Y,AY
22562,B,Y,BY
22563,A,Y,AY
22564,B,Z,BZ
22565,C,Y,CY
22566,C,Y,CY
22567,A,Z,AZ
22568,A,Y,AY
22569,A,Y,AY
22570,A,Y,AY
22571,B,Z,BZ
22572,B,Z,BZ
22573,B,Z,BZ
22574,B,Z,BZ
22575,B,Z,BZ
22576,B,Z,BZ
22577,A,Z,AZ
22578,A,Z,AZ
22579,B,Z,BZ
22580,A,Z,AZ
22581,C,Z,CZ
22582,B,Z,BZ
22583,B,Y,BY
22584,A,Y,AY
22585,A,Y,AY
22586,C,Y,CY
22587,C,Y,CY
22588,B,Z,BZ
22589,B,Z,BZ
22591,B,Z,BZ
22592,B,Z,BZ
22593,B,Z,BZ
22594,B,Z,BZ
22595,A,Z,AZ
22596,A,Z,AZ
22597,B,Z,BZ
22598,C,Z,CZ
22599,C,Z,CZ
22600,B,Z,BZ
22601,B,Z,BZ
22602,B,Y,BY
22603,B,Z,BZ
22604,A,Z,AZ
22605,A,Y,AY
22606,A,Y,AY
22607,A,Y,AY
22608,B,Y,BY
22609,B,Y,BY
22610,B,Y,BY
22611,B,Z,BZ
22613,B,Y,BY
22614,B,Y,BY
22615,C,Y,CY
22616,A,X,AX
22617,A,Y,AY
22618,C,Z,CZ
22619,A,X,AX
22620,A,Y,AY
22621,A,Y,AY
22622,A,Y,AY
22623,A,Y,AY
22624,A,Y,AY
22625,A,X,AX
22626,A,Y,AY
22627,A,Y,AY
22628,A,Y,AY
22629,A,X,AX
22630,A,Y,AY
22631,A,Y,AY
22632,A,Z,AZ
22633,A,Z,AZ
22634,A,Y,AY
22635,A,Y,AY
22636,A,X,AX
22637,A,Z,AZ
22638,C,Z,CZ
22639,B,Y,BY
22640,C,Z,CZ
22641,C,Z,CZ
22642,C,Z,CZ
22643,C,Z,CZ
22644,B,Y,BY
22645,B,Y,BY
22646,A,Y,AY
22647,C,Z,CZ
22649,A,X,AX
22650,B,Y,BY
22651,B,Y,BY
22652,A,Y,AY
22653,B,Z,BZ
22654,A,Y,AY
22655,A,Z,AZ
22656,A,Z,AZ
22659,A,Y,AY
22660,B,Z,BZ
22661,A,X,AX
22662,A,Y,AY
22663,A,Y,AY
22664,B,Y,BY
22665,A,Y,AY
22666,A,Y,AY
22667,A,Y,AY
22668,A,Y,AY
22669,A,X,AX
22670,B,X,BX
22671,B,Z,BZ
22672,B,Y,BY
22673,B,Y,BY
22674,B,Y,BY
22675,B,Y,BY
22676,B,X,BX
22677,B,Y,BY
22678,B,Y,BY
22679,B,Y,BY
22680,B,Y,BY
22681,C,Y,CY
22682,C,X,CX
22683,C,Y,CY
22684,C,Y,CY
22685,C,Y,CY
22686,B,Z,BZ
22687,A,Z,AZ
22688,A,Z,AZ
22689,A,Z,AZ
22690,A,Z,AZ
22691,B,Z,BZ
22692,A,Y,AY
22693,A,Y,AY
22694,A,Z,AZ
22695,B,Z,BZ
22696,B,Z,BZ
22697,A,X,AX
22698,A,Y,AY
22699,A,X,AX
22700,B,Z,BZ
22701,C,Z,CZ
22702,A,Z,AZ
22703,C,Z,CZ
22704,B,X,BX
22705,C,Y,CY
22706,B,Y,BY
22707,C,Y,CY
22708,B,X,BX
22709,C,Y,CY
22710,B,Y,BY
22711,B,Y,BY
22712,B,Y,BY
22713,B,Y,BY
22714,B,Y,BY
22715,C,Y,CY
22716,B,X,BX
22717,C,Y,CY
22718,C,X,CX
22719,C,Z,CZ
22720,A,Y,AY
22721,A,Y,AY
22722,A,Y,AY
22723,A,Y,AY
22725,A,Y,AY
22726,A,Y,AY
22727,A,Y,AY
22728,A,Y,AY
22729,A,Y,AY
22730,A,Y,AY
22731,B,Z,BZ
22732,B,Z,BZ
22733,B,Z,BZ
22734,A,Z,AZ
22735,B,Z,BZ
22736,B,Z,BZ
22737,B,Z,BZ
22738,A,Z,AZ
22739,A,Z,AZ
22740,A,Y,AY
22741,A,X,AX
22742,B,Z,BZ
22743,B,Y,BY
22744,B,Y,BY
22745,A,X,AX
22746,A,Y,AY
22747,B,Y,BY
22748,A,X,AX
22749,A,Y,AY
22750,A,Y,AY
22751,A,Y,AY
22752,A,Y,AY
22753,C,Y,CY
22754,B,Z,BZ
22755,B,Y,BY
22756,C,Z,CZ
22757,B,Z,BZ
22758,B,Z,BZ
22759,A,Y,AY
22760,A,Y,AY
22761,C,Y,CY
22762,B,Y,BY
22763,B,X,BX
22764,C,Z,CZ
22765,C,Z,CZ
22766,A,Y,AY
22767,A,Y,AY
22768,A,Y,AY
22769,C,X,CX
22770,B,X,BX
22771,A,X,AX
22772,A,Y,AY
22773,B,Y,BY
22774,B,Y,BY
22775,A,Y,AY
22776,A,X,AX
22777,B,Z,BZ
22778,B,Y,BY
22779,A,Z,AZ
22780,A,Z,AZ
22781,A,Y,AY
22782,A,Z,AZ
22783,A,Z,AZ
22784,A,X,AX
22785,B,Z,BZ
22786,C,Y,CY
22788,B,Z,BZ
22789,B,Y,BY
22791,A,Y,AY
22792,B,Z,BZ
22794,B,X,BX
22795,A,Y,AY
22796,A,X,AX
22797,B,Y,BY
22798,A,Y,AY
22799,B,Y,BY
22800,A,Y,AY
22801,A,Y,AY
22802,B,Z,BZ
22803,B,Z,BZ
22804,A,Y,AY
22805,B,Y,BY
22806,C,Z,CZ
22807,B,Y,BY
22808,B,Z,BZ
22809,A,Z,AZ
22810,A,Z,AZ
22811,B,Z,BZ
22812,A,Z,AZ
22813,A,Y,AY
22814,C,X,CX
22815,C,X,CX
22816,B,Z,BZ
22817,C,Y,CY
22818,B,Z,BZ
22819,C,X,CX
22820,C,Y,CY
22821,C,Y,CY
22822,B,Y,BY
22823,A,Z,AZ
22824,B,Y,BY
22825,C,Y,CY
22826,A,Z,AZ
22827,A,Y,AY
22828,B,Z,BZ
22829,B,Y,BY
22830,A,Z,AZ
22831,B,Y,BY
22832,B,Y,BY
22833,B,Z,BZ
22834,A,Z,AZ
22835,A,Z,AZ
22837,A,Z,AZ
22838,A,Z,AZ
22839,A,Y,AY
22840,A,Y,AY
22841,A,Y,AY
22842,A,Y,AY
22843,A,Y,AY
22844,A,X,AX
22845,A,Y,AY
22846,A,Y,AY
22847,A,Y,AY
22848,A,Y,AY
22849,A,Z,AZ
22851,B,Y,BY
22852,B,X,BX
22853,B,X,BX
22854,A,Y,AY
22855,A,Z,AZ
22856,C,Z,CZ
22857,B,Z,BZ
22858,B,Z,BZ
22859,B,Z,BZ
22860,B,Z,BZ
22861,C,Z,CZ
22862,C,Z,CZ
22863,B,Y,BY
22865,A,Z,AZ
22866,A,Z,AZ
22867,A,Z,AZ
22868,C,Z,CZ
22869,C,Z,CZ
22870,C,Z,CZ
22871,C,Z,CZ
22872,C,Z,CZ
22873,C,Z,CZ
22874,C,Z,CZ
22875,C,Z,CZ
22876,C,Z,CZ
22877,C,Z,CZ
22878,C,Z,CZ
22879,C,Z,CZ
22880,C,Z,CZ
22881,C,Z,CZ
22882,C,Z,CZ
22883,C,Z,CZ
22884,C,Z,CZ
22885,C,Z,CZ
22886,C,Z,CZ
22887,C,Z,CZ
22888,C,Z,CZ
22889,C,Z,CZ
22890,A,Y,AY
22891,B,Y,BY
22892,A,Y,AY
22893,C,Z,CZ
22894,A,Y,AY
22895,A,Y,AY
22896,A,Y,AY
22897,B,Y,BY
22898,A,Y,AY
22899,A,X,AX
22900,A,Y,AY
22902,B,Y,BY
22903,C,Z,CZ
22904,A,Y,AY
22905,B,Y,BY
22906,A,X,AX
22907,A,X,AX
22908,A,Y,AY
22909,A,Z,AZ
22910,A,Z,AZ
22911,B,Y,BY
22912,B,Z,BZ
22913,B,Z,BZ
22914,B,Z,BZ
22915,B,Y,BY
22916,B,Y,BY
22917,B,Y,BY
22918,B,Y,BY
22919,B,Y,BY
22920,B,Y,BY
22921,B,Y,BY
22922,B,Y,BY
22923,B,Y,BY
22924,B,Y,BY
22925,B,Y,BY
22926,A,Z,AZ
22927,B,Y,BY
22928,B,Z,BZ
22929,B,Z,BZ
22930,B,Y,BY
22931,B,Z,BZ
22932,B,Z,BZ
22933,B,Z,BZ
22934,B,Z,BZ
22935,B,Y,BY
22936,C,Z,CZ
22937,B,Y,BY
22938,A,Y,AY
22939,B,Y,BY
22940,A,Z,AZ
22941,A,Z,AZ
22942,A,Z,AZ
22943,A,Z,AZ
22944,B,Z,BZ
22945,B,Z,BZ
22946,A,Z,AZ
22947,A,Z,AZ
22948,B,Y,BY
22949,B,Y,BY
22950,A,Z,AZ
22951,A,X,AX
22952,A,Z,AZ
22953,C,Y,CY
22954,C,Y,CY
22955,B,Y,BY
22956,A,Y,AY
22957,A,Z,AZ
22959,B,Z,BZ
22960,A,X,AX
22961,A,X,AX
22962,A,Y,AY
22963,B,Y,BY
22964,A,Y,AY
22965,A,Y,AY
22966,A,Y,AY
22967,A,Z,AZ
22968,A,Z,AZ
22969,A,Y,AY
22970,A,Y,AY
22971,A,Y,AY
22972,A,Y,AY
22973,B,X,BX
22974,B,Y,BY
22975,B,Y,BY
22976,B,Y,BY
22977,B,Y,BY
22978,A,Z,AZ
22979,A,Y,AY
22980,A,Z,AZ
22981,C,Z,CZ
22982,B,Z,BZ
22983,B,X,BX
22984,B,Y,BY
22985,B,Z,BZ
22986,B,X,BX
22987,C,Z,CZ
22988,A,Y,AY
22989,A,Y,AY
22990,B,Z,BZ
22991,A,Y,AY
22992,A,Y,AY
22993,A,Y,AY
22994,B,Y,BY
22995,B,Y,BY
22996,B,Y,BY
22997,B,Y,BY
22998,A,Y,AY
22999,B,Y,BY
23000,B,Y,BY
23002,B,Y,BY
23003,C,Z,CZ
23004,C,Y,CY
23005,B,Z,BZ
23006,C,Y,CY
23007,A,Z,AZ
23008,A,Z,AZ
23009,A,Y,AY
23010,A,Z,AZ
23012,A,Z,AZ
23013,A,Z,AZ
23014,A,Z,AZ
23015,C,Z,CZ
23016,C,Z,CZ
23017,C,Z,CZ
23018,C,Z,CZ
23019,C,Z,CZ
23020,B,Z,BZ
23021,C,Z,CZ
23022,C,Z,CZ
23023,C,Z,CZ
23024,C,Z,CZ
23025,C,Z,CZ
23026,B,Z,BZ
23027,C,Z,CZ
23028,B,Z,BZ
23029,B,Z,BZ
23031,B,Z,BZ
23032,A,Z,AZ
23033,B,Z,BZ
23034,B,Z,BZ
23035,A,Z,AZ
23036,C,Z,CZ
23037,C,Z,CZ
23038,C,Z,CZ
23039,C,Z,CZ
23040,B,Z,BZ
23041,B,Z,BZ
23042,C,Z,CZ
23043,C,Z,CZ
23044,C,Z,CZ
23045,C,Z,CZ
23046,B,Z,BZ
23047,C,Z,CZ
23048,B,Z,BZ
23049,A,Y,AY
23050,A,Y,AY
23051,A,Z,AZ
23052,A,Z,AZ
23053,A,Z,AZ
23054,B,Z,BZ
23055,C,Z,CZ
23056,B,Z,BZ
23057,B,Z,BZ
23058,C,Z,CZ
23060,C,Z,CZ
23061,B,Y,BY
23064,B,Z,BZ
23065,A,Z,AZ
23066,B,Z,BZ
23067,B,Z,BZ
23068,B,Y,BY
23069,C,Z,CZ
23070,C,Z,CZ
23071,B,Z,BZ
23072,C,Z,CZ
23073,B,Z,BZ
23074,C,Z,CZ
23075,B,Y,BY
23076,A,Y,AY
23077,A,Y,AY
23078,A,Y,AY
23079,B,Z,BZ
23080,A,Z,AZ
23081,A,Z,AZ
23082,A,Z,AZ
23083,A,Z,AZ
23084,A,Z,AZ
23085,A,Z,AZ
23086,B,Z,BZ
23087,B,Z,BZ
23088,B,Z,BZ
23089,A,Z,AZ
23090,B,Z,BZ
23091,A,Z,AZ
23092,A,Z,AZ
23093,B,Z,BZ
23094,B,Z,BZ
23096,B,Z,BZ
23099,B,Z,BZ
23100,B,Z,BZ
23101,B,Z,BZ
23102,B,Z,BZ
23103,A,Z,AZ
23104,B,Z,BZ
23106,C,Y,CY
23107,B,Z,BZ
23108,A,Z,AZ
23109,A,Z,AZ
23110,A,Y,AY
23111,A,Z,AZ
23112,A,Y,AY
23113,B,Z,BZ
23114,C,Z,CZ
23115,C,Z,CZ
23116,C,Z,CZ
23117,C,Z,CZ
23118,A,Z,AZ
23119,B,Z,BZ
23120,C,Z,CZ
23121,B,Z,BZ
23122,B,Z,BZ
23123,C,Z,CZ
23124,C,Z,CZ
23125,C,Z,CZ
23126,A,Y,AY
23127,A,Y,AY
23128,B,Y,BY
23129,A,Z,AZ
23130,A,Z,AZ
23131,A,Z,AZ
23132,A,Z,AZ
23133,A,Z,AZ
23134,A,Z,AZ
23135,A,Z,AZ
23136,C,Y,CY
23137,C,Z,CZ
23138,B,Z,BZ
23139,C,Z,CZ
23140,C,Z,CZ
23141,C,Z,CZ
23142,B,Z,BZ
23143,C,Z,CZ
23144,A,Z,AZ
23145,B,Y,BY
23146,B,Y,BY
23147,A,Y,AY
23148,B,Y,BY
23149,C,Z,CZ
23150,C,Y,CY
23151,C,Z,CZ
23152,B,Z,BZ
23153,B,Y,BY
23154,A,Y,AY
23155,B,Y,BY
23156,A,Y,AY
23157,A,Z,AZ
23158,A,Y,AY
23159,A,Y,AY
23160,B,Z,BZ
23161,B,Z,BZ
23162,A,Z,AZ
23163,A,Y,AY
23164,B,Z,BZ
23165,A,Y,AY
23166,A,Z,AZ
23167,A,Z,AZ
23168,A,Y,AY
23169,A,Z,AZ
23170,A,Z,AZ
23171,A,Z,AZ
23172,A,Z,AZ
23173,A,Z,AZ
23174,A,Z,AZ
23175,A,Z,AZ
23176,A,Z,AZ
23177,A,Z,AZ
23178,B,Z,BZ
23179,B,Z,BZ
23180,C,Z,CZ
23181,B,Y,BY
23182,A,Y,AY
23183,C,Z,CZ
23184,A,Y,AY
23185,C,Z,CZ
23186,B,Z,BZ
23187,C,Z,CZ
23188,A,Z,AZ
23189,A,Z,AZ
23190,A,Z,AZ
23191,A,Y,AY
23192,A,Y,AY
23193,A,Z,AZ
23194,A,Z,AZ
23196,B,Z,BZ
23197,B,Z,BZ
23198,A,Z,AZ
23199,A,Y,AY
23200,A,Z,AZ
23201,A,Y,AY
23202,A,Y,AY
23203,A,Y,AY
23204,A,Y,AY
23205,A,Y,AY
23206,A,Y,AY
23207,A,Y,AY
23208,A,Y,AY
23209,A,Y,AY
23210,A,Z,AZ
23211,A,Z,AZ
23212,B,Z,BZ
23213,B,Z,BZ
23214,B,Z,BZ
23215,A,Z,AZ
23216,C,Z,CZ
23217,B,Z,BZ
23218,C,Z,CZ
23219,C,Z,CZ
23220,C,Z,CZ
23221,B,Z,BZ
23222,C,Z,CZ
23223,C,Z,CZ
23224,C,Z,CZ
23225,B,Z,BZ
23226,B,Z,BZ
23227,B,Z,BZ
23228,B,Z,BZ
23229,A,Z,AZ
23230,A,Y,AY
23231,A,X,AX
23232,A,Y,AY
23233,B,Y,BY
23234,A,Z,AZ
23235,B,Z,BZ
23236,A,Z,AZ
23237,A,Z,AZ
23238,A,Z,AZ
23239,A,Z,AZ
23240,A,Z,AZ
23241,A,Z,AZ
23242,A,Z,AZ
23243,A,Z,AZ
23244,B,Z,BZ
23245,A,Z,AZ
23247,A,Z,AZ
23249,B,Z,BZ
23250,B,Z,BZ
23251,B,Z,BZ
23252,B,Z,BZ
23253,A,Z,AZ
23254,A,Y,AY
23255,A,Y,AY
23256,A,Y,AY
23263,A,Z,AZ
23264,B,Z,BZ
23265,B,Z,BZ
23266,B,Z,BZ
23267,B,Z,BZ
23268,B,Z,BZ
23269,B,Z,BZ
23270,B,Z,BZ
23271,B,Z,BZ
23272,C,Z,CZ
23273,B,Z,BZ
23274,B,Z,BZ
23275,A,Z,AZ
23280,B,Z,BZ
23281,B,Z,BZ
23282,C,Z,CZ
23283,A,Z,AZ
23284,A,Z,AZ
23285,A,Z,AZ
23286,A,Z,AZ
23287,B,Z,BZ
23288,A,Z,AZ
23289,B,Z,BZ
23290,A,Z,AZ
23291,B,Z,BZ
23292,B,Z,BZ
23293,A,Z,AZ
23294,A,Z,AZ
23295,A,Z,AZ
23296,A,Z,AZ
23297,A,Z,AZ
23298,A,Z,AZ
23299,A,Z,AZ
23300,A,Y,AY
23301,A,Z,AZ
23302,B,Z,BZ
23303,C,Z,CZ
23304,C,Z,CZ
23305,C,Z,CZ
23306,A,Z,AZ
23307,A,Z,AZ
23308,A,Z,AZ
23309,A,Z,AZ
23310,A,Z,AZ
23311,A,Z,AZ
23312,A,Z,AZ
23313,A,Z,AZ
23314,A,Z,AZ
23315,B,Z,BZ
23316,B,Z,BZ
23317,B,Z,BZ
23318,A,Z,AZ
23319,A,Z,AZ
23320,A,Z,AZ
23321,A,Z,AZ
23322,A,Z,AZ
23323,A,Z,AZ
23324,C,Z,CZ
23325,C,Z,CZ
23326,B,Z,BZ
23327,B,Z,BZ
23328,A,Z,AZ
23329,A,Z,AZ
23330,B,Z,BZ
23331,B,Z,BZ
23332,A,Z,AZ
23333,B,Z,BZ
23334,B,Z,BZ
23335,C,Z,CZ
23336,C,Z,CZ
23337,C,Z,CZ
23338,B,Z,BZ
23339,C,Z,CZ
23340,A,Z,AZ
23341,B,Z,BZ
23342,A,Z,AZ
23343,A,Z,AZ
23344,A,Z,AZ
23345,A,Z,AZ
23346,A,Z,AZ
23347,B,Z,BZ
23348,B,Z,BZ
23349,A,Z,AZ
23350,A,Z,AZ
23351,A,Z,AZ
23352,B,Z,BZ
23353,A,Z,AZ
23354,A,Z,AZ
23355,A,Z,AZ
23356,A,Z,AZ
23357,B,Z,BZ
23358,B,Z,BZ
23359,B,Z,BZ
23360,B,Z,BZ
23365,B,Z,BZ
23366,B,Z,BZ
23367,B,Z,BZ
23368,B,Z,BZ
23369,B,Z,BZ
23370,B,Z,BZ
23371,B,Z,BZ
23372,B,Z,BZ
23373,B,Z,BZ
23374,B,Z,BZ
23375,B,Z,BZ
23376,B,Z,BZ
23377,C,Z,CZ
23378,B,Z,BZ
23379,C,Z,CZ
23380,B,Z,BZ
23381,C,Z,CZ
23382,A,Z,AZ
23388,A,Z,AZ
23389,A,Z,AZ
23390,A,Z,AZ
23391,B,Z,BZ
23392,B,Z,BZ
23393,A,Z,AZ
23394,B,Z,BZ
23395,B,Z,BZ
23396,B,Z,BZ
23397,A,Z,AZ
23398,C,Z,CZ
23399,B,Z,BZ
23400,B,Z,BZ
23401,B,Z,BZ
23402,B,Z,BZ
23403,B,Z,BZ
23404,A,Z,AZ
23405,B,Z,BZ
23406,B,Z,BZ
23407,B,Z,BZ
23408,C,Z,CZ
23409,C,Z,CZ
23410,C,Z,CZ
23411,B,Z,BZ
23412,B,Z,BZ
23413,C,Z,CZ
23414,B,Z,BZ
23415,C,Z,CZ
23416,C,Z,CZ
23417,C,Z,CZ
23418,B,Z,BZ
23419,B,Z,BZ
23420,C,Z,CZ
23421,C,Z,CZ
23422,C,Z,CZ
23423,C,Z,CZ
23424,B,Z,BZ
23425,C,Z,CZ
23426,A,Z,AZ
23427,A,Z,AZ
23428,C,Z,CZ
23429,C,Z,CZ
23430,C,Z,CZ
23431,B,Z,BZ
23432,B,Z,BZ
23433,B,Z,BZ
23434,B,Z,BZ
23435,C,Z,CZ
23436,B,Z,BZ
23437,B,Z,BZ
23438,B,Z,BZ
23439,A,Z,AZ
23440,C,Z,CZ
23441,C,Z,CZ
23442,C,Z,CZ
23444,B,Z,BZ
23445,B,Z,BZ
23446,C,Z,CZ
23447,C,Z,CZ
23448,C,Z,CZ
23449,C,Z,CZ
23451,C,Z,CZ
23452,B,Z,BZ
23453,C,Z,CZ
23454,C,Z,CZ
23455,C,Z,CZ
23456,C,Z,CZ
23457,C,Z,CZ
23458,C,Z,CZ
23459,C,Z,CZ
23460,B,Z,BZ
23461,A,Z,AZ
23462,B,Z,BZ
23463,C,Z,CZ
23464,C,Z,CZ
23465,C,Z,CZ
23466,C,Z,CZ
23467,C,Z,CZ
23468,C,Z,CZ
23469,B,Z,BZ
23470,B,Z,BZ
23471,C,Z,CZ
23472,B,Z,BZ
23473,C,Z,CZ
23474,C,Z,CZ
23475,C,Z,CZ
23476,C,Z,CZ
23477,C,Z,CZ
23478,C,Z,CZ
23479,B,Z,BZ
23480,A,Z,AZ
23481,C,Z,CZ
23482,C,Z,CZ
23483,B,Z,BZ
23484,C,Z,CZ
23485,A,Z,AZ
23486,A,Z,AZ
23487,C,Z,CZ
23489,B,Z,BZ
23490,B,Z,BZ
23491,B,Z,BZ
23492,C,Z,CZ
23493,A,Z,AZ
23494,A,Z,AZ
23495,C,Z,CZ
23496,C,Z,CZ
23497,A,Z,AZ
23498,B,Z,BZ
23499,C,Z,CZ
23500,B,Z,BZ
23501,B,Z,BZ
23502,B,Z,BZ
23503,A,Z,AZ
23504,B,Z,BZ
23505,B,Z,BZ
23506,B,Z,BZ
23507,B,Z,BZ
23508,B,Z,BZ
23509,C,Z,CZ
23510,B,Z,BZ
23511,B,Z,BZ
23512,B,Z,BZ
23513,B,Z,BZ
23514,B,Z,BZ
23515,B,Z,BZ
23516,B,Z,BZ
23517,B,Z,BZ
23518,B,Z,BZ
23519,C,Z,CZ
23520,C,Z,CZ
23521,C,Z,CZ
23522,C,Z,CZ
23523,B,Z,BZ
23524,B,Z,BZ
23525,B,Z,BZ
23526,A,Z,AZ
23527,B,Z,BZ
23528,B,Z,BZ
23529,B,Z,BZ
23530,A,Z,AZ
23531,A,Z,AZ
23532,B,Z,BZ
23533,B,Z,BZ
23534,A,Z,AZ
23535,A,Z,AZ
23536,A,Z,AZ
23537,C,Z,CZ
23538,B,Z,BZ
23539,B,Z,BZ
23540,B,Z,BZ
23541,A,Z,AZ
23542,A,Z,AZ
23543,A,Z,AZ
23544,B,Z,BZ
23545,B,Z,BZ
23546,B,Z,BZ
23547,C,Z,CZ
23548,C,Z,CZ
23549,C,Z,CZ
23550,C,Z,CZ
23551,C,Z,CZ
23552,A,Z,AZ
23553,A,Z,AZ
23554,A,Z,AZ
23555,A,Z,AZ
23556,A,Z,AZ
23557,A,Z,AZ
23558,A,Z,AZ
23559,B,Z,BZ
23560,C,Z,CZ
23561,C,Z,CZ
23562,C,Z,CZ
23564,C,Z,CZ
23565,C,Z,CZ
23566,B,Z,BZ
23567,C,Z,CZ
23568,C,Z,CZ
23569,A,Z,AZ
23570,B,Z,BZ
23571,A,Z,AZ
23574,C,Z,CZ
23575,C,Z,CZ
23576,C,Z,CZ
23578,C,Z,CZ
23579,C,Z,CZ
23580,C,Z,CZ
23581,A,Z,AZ
23582,A,Z,AZ
23583,A,Z,AZ
23597,C,Z,CZ
23598,B,Z,BZ
23630,C,Z,CZ
23660,C,Z,CZ
23661,C,Z,CZ
23664,C,Z,CZ
23681,B,Z,BZ
23691,C,Z,CZ
23692,C,Z,CZ
23694,C,Z,CZ
23695,C,Z,CZ
23697,C,Z,CZ
23702,C,Z,CZ
23843,C,Z,CZ
35001G,C,Z,CZ
35001W,C,Z,CZ
35004B,B,Z,BZ
35004C,B,Z,BZ
35004G,C,Z,CZ
35004P,C,Z,CZ
35095A,C,Z,CZ
35095B,C,Z,CZ
35241,C,Z,CZ
35265,C,Z,CZ
35271S,C,Z,CZ
35400,C,X,CX
35443,C,Z,CZ
35471D,C,Z,CZ
35591T,C,Z,CZ
35597A,C,Z,CZ
35597B,C,Z,CZ
35597D,C,Z,CZ
35598A,C,Z,CZ
35598B,C,Z,CZ
35598C,C,Z,CZ
35598D,C,Z,CZ
35599B,C,Z,CZ
35599D,C,Z,CZ
35607A,C,Z,CZ
35607B,C,Z,CZ
35610A,C,Z,CZ
35610B,C,Z,CZ
35610C,C,Z,CZ
35637A,C,Z,CZ
35637C,C,Z,CZ
35638A,C,Z,CZ
35638B,C,Z,CZ
35645,C,Z,CZ
35646,C,Y,CY
35647,C,Z,CZ
35648,C,Y,CY
35649,C,Z,CZ
35650,C,Z,CZ
35651,C,Z,CZ
35653,C,Z,CZ
35809A,C,Z,CZ
35809B,C,Z,CZ
35810A,C,Y,CY
35810B,C,Z,CZ
35815P,C,Z,CZ
35816P,C,Z,CZ
35817P,C,Z,CZ
35818B,C,Z,CZ
35818P,C,Z,CZ
35819B,C,Z,CZ
35819P,C,Z,CZ
35832,C,X,CX
35833P,C,Z,CZ
35909A,C,Z,CZ
35909B,C,Z,CZ
35910A,C,Z,CZ
35910B,C,Z,CZ
35911A,C,Z,CZ
35911B,C,Z,CZ
35912B,C,Z,CZ
35913B,C,Z,CZ
35914,C,Z,CZ
35915B,C,Z,CZ
35915C,C,Z,CZ
35916A,C,Z,CZ
35916B,C,Z,CZ
35916C,C,Z,CZ
35920,C,Z,CZ
35921,C,Z,CZ
35922,C,Z,CZ
35923,C,Z,CZ
35924,B,Z,BZ
35933,C,Z,CZ
35953,B,Z,BZ
35954,C,Z,CZ
35957,C,Z,CZ
35958,C,Z,CZ
35961,B,Y,BY
35964,C,Z,CZ
35965,C,Z,CZ
35966,C,Z,CZ
35967,C,Z,CZ
35968,C,Z,CZ
35970,A,Z,AZ
35971,C,Y,CY
35972,C,Z,CZ
37327,C,Y,CY
37330,C,Z,CZ
37333,C,Z,CZ
37340,B,Y,BY
37342,B,Z,BZ
37343,C,Z,CZ
37351,C,Z,CZ
37370,A,Z,AZ
37379A,C,Z,CZ
37413,C,Z,CZ
37423,C,Z,CZ
37444A,C,Z,CZ
37444B,C,Z,CZ
37444C,C,Z,CZ
37446,B,Y,BY
37447,B,Y,BY
37448,B,Y,BY
37449,A,Y,AY
37450,B,Y,BY
37461,C,Z,CZ
37462E,C,Z,CZ
37464,C,Z,CZ
37467,C,Z,CZ
37468,C,Z,CZ
37471,C,Z,CZ
37475,C,Z,CZ
37476,C,Z,CZ
37479B,C,Z,CZ
37479P,C,Z,CZ
37482P,C,Z,CZ
37487B,C,Z,CZ
37488A,C,Z,CZ
37489A,C,Z,CZ
37489B,C,Z,CZ
37489C,C,Z,CZ
37489D,C,Z,CZ
37491B,C,Z,CZ
37491C,C,Z,CZ
37491D,C,Z,CZ
37495,B,Y,BY
37500,B,Y,BY
37501,C,Z,CZ
37503,C,X,CX
37509,C,Z,CZ
40001,C,Y,CY
40003,C,Z,CZ
40005B,C,Z,CZ
40016,B,Z,BZ
40046A,C,Z,CZ
44089A,C,Z,CZ
44089C,C,Z,CZ
44091A,C,Z,CZ
44092B,C,Z,CZ
44092C,C,Z,CZ
44228,C,Z,CZ
44234,C,Z,CZ
44235,C,Z,CZ
44236,C,Z,CZ
44242A,C,Z,CZ
44242B,C,Z,CZ
44265,C,Z,CZ
45013,C,Z,CZ
46000M,B,Y,BY
46000P,C,Z,CZ
46000R,C,Y,CY
46000S,B,Y,BY
46000U,C,Z,CZ
46115B,C,Z,CZ
46118,C,Z,CZ
46126A,C,Z,CZ
46138B,C,Z,CZ
46775D,C,Z,CZ
46776A,C,Z,CZ
46776B,C,Z,CZ
46776C,C,Z,CZ
46776D,C,Z,CZ
46776E,C,Z,CZ
46776F,C,Z,CZ
47013A,C,Z,CZ
47013C,C,Z,CZ
47016,C,Z,CZ
47021G,C,Z,CZ
47310M,C,Y,CY
47341A,C,Z,CZ
47341B,C,Z,CZ
47343A,C,Z,CZ
47344B,C,Z,CZ
47348A,C,Z,CZ
47351B,C,Y,CY
47367B,C,Z,CZ
47369A,C,Z,CZ
47369B,C,Z,CZ
47420,C,Z,CZ
47421,C,Y,CY
47422,C,Z,CZ
47469,C,Z,CZ
47471,C,Z,CZ
47480,B,Y,BY
47481,C,Z,CZ
47503A,B,Y,BY
47503H,C,Z,CZ
47503J,C,Z,CZ
47504H,B,Z,BZ
47504K,B,Z,BZ
47518F,C,Z,CZ
47556B,A,Z,AZ
47559B,B,Y,BY
47563A,C,Y,CY
47566,A,Y,AY
47566B,A,Z,AZ
47567B,A,Y,AY
47570B,B,Z,BZ
47574A,C,Z,CZ
47574B,C,Z,CZ
47578A,C,Z,CZ
47579,C,Z,CZ
47580,C,Y,CY
47585A,C,Z,CZ
47586A,C,Z,CZ
47589,C,Z,CZ
47590A,A,Y,AY
47590B,A,Y,AY
47591B,C,Z,CZ
47591D,A,Y,AY
47593A,C,Z,CZ
47593B,C,Y,CY
47594A,C,Z,CZ
47594B,C,Z,CZ
47599A,A,Y,AY
47599B,A,Y,AY
48111,A,Z,AZ
48116,A,Z,AZ
48129,A,Z,AZ
48138,A,Y,AY
48173C,A,Z,AZ
48184,A,Y,AY
48185,A,Z,AZ
48187,A,Y,AY
48188,A,Z,AZ
48194,A,Y,AY
51008,B,Z,BZ
51014A,B,Z,BZ
51014C,B,Z,BZ
51014L,B,Y,BY
51020A,C,Z,CZ
51020B,C,Z,CZ
62018,A,Z,AZ
62043B,C,Z,CZ
62074B,C,Z,CZ
62086A,C,Z,CZ
62094B,C,Z,CZ
62096A,C,Z,CZ
62096B,C,Z,CZ
62097B,C,Z,CZ
70006,B,Z,BZ
70007,C,Z,CZ
71038,B,Y,BY
71050,C,Z,CZ
71053,A,Y,AY
71101E,C,Y,CY
71143,C,Z,CZ
71215,C,Z,CZ
71270,C,Z,CZ
71279,C,Y,CY
71403,C,Z,CZ
71406C,C,Y,CY
71459,A,Y,AY
71477,A,Y,AY
71495A,C,Z,CZ
71495B,C,Z,CZ
71496A,C,Z,CZ
71496B,C,Z,CZ
71510,C,Z,CZ
72024U,C,Z,CZ
72051S,C,Z,CZ
72122,C,Y,CY
72127,C,Z,CZ
72128,C,Z,CZ
72130,C,Z,CZ
72131,C,Z,CZ
72132,C,Z,CZ
72133,C,Y,CY
72134,C,Z,CZ
72140E,C,Z,CZ
72225C,C,Z,CZ
72232,C,Z,CZ
72349B,B,Y,BY
72351A,B,Y,BY
72351B,A,Y,AY
72369A,C,Z,CZ
72586,C,Z,CZ
72598,C,Z,CZ
72709,C,Z,CZ
72741,A,Y,AY
72760B,A,Y,AY
72780,C,Y,CY
72783,C,Z,CZ
72798C,C,Z,CZ
72799C,C,Z,CZ
72799E,C,Z,CZ
72799F,C,Y,CY
72800B,C,Z,CZ
72800C,C,Z,CZ
72800D,C,Y,CY
72800E,B,Y,BY
72801C,C,Z,CZ
72801D,C,Z,CZ
72801G,C,Z,CZ
72802A,B,Y,BY
72802B,B,Z,BZ
72802C,B,Z,BZ
72803A,C,Z,CZ
72807A,B,Z,BZ
72807B,B,Y,BY
72807C,B,Y,BY
72811,C,Z,CZ
72812,C,Z,CZ
72815,C,X,CX
72816,B,Z,BZ
72817,B,Z,BZ
72818,C,Z,CZ
72819,C,Z,CZ
72821,C,Z,CZ
75011,C,Z,CZ
75013B,C,Z,CZ
75049L,A,Y,AY
75131,C,Z,CZ
75172,C,Z,CZ
75178,C,Z,CZ
77079,C,Z,CZ
77101A,C,Z,CZ
78033,C,Z,CZ
78034B,C,Z,CZ
78124,C,Z,CZ
79000,A,Y,AY
79026B,C,Z,CZ
79030D,C,Z,CZ
79030G,C,Z,CZ
79051A,C,Z,CZ
79062D,C,Z,CZ
79063C,C,Z,CZ
79063D,C,Z,CZ
79066K,C,Y,CY
79067,C,Z,CZ
79071B,C,Z,CZ
79144B,C,Z,CZ
79144C,C,Z,CZ
79149B,C,Z,CZ
79151B,C,Z,CZ
79157B,C,Z,CZ
79157V,C,Z,CZ
79160,C,Z,CZ
79161A,C,Z,CZ
79163,C,Z,CZ
79164,C,Z,CZ
79190A,C,Y,CY
79190B,C,Z,CZ
79190D,C,Y,CY
79191B,C,Y,CY
79191C,C,Y,CY
79191D,C,Z,CZ
79192A,C,Z,CZ
79302M,B,Y,BY
79320,C,X,CX
79321,A,Y,AY
79323B,C,Z,CZ
79323P,C,X,CX
79323W,C,X,CX
79329,C,Z,CZ
79331,C,Z,CZ
79336,C,Z,CZ
79337,C,Z,CZ
79403,C,Z,CZ
79406,C,Z,CZ
81950B,C,Z,CZ
81950V,C,Z,CZ
81952B,C,Z,CZ
81952V,C,Z,CZ
81953B,C,Z,CZ
81953P,C,Z,CZ
82001S,A,Y,AY
82011A,C,Z,CZ
82011B,C,Z,CZ
82011C,C,Z,CZ
82095,C,Z,CZ
82482,A,X,AX
82483,A,Y,AY
82484,A,Y,AY
82486,A,X,AX
82494L,A,Y,AY
82551,A,Y,AY
82552,A,Y,AY
82567,B,X,BX
82578,B,X,BX
82580,A,X,AX
82581,B,X,BX
82582,A,X,AX
82583,A,Y,AY
82599,B,Z,BZ
82600,A,Y,AY
82605,C,Z,CZ
82613A,C,Z,CZ
82613B,C,Z,CZ
82613C,C,Z,CZ
82613D,C,Z,CZ
82615,C,Z,CZ
82616B,C,Z,CZ
82616C,C,Z,CZ
84006,C,Z,CZ
84012,B,Z,BZ
84016,C,Z,CZ
84029E,A,Z,AZ
84029G,A,Z,AZ
84030E,A,Z,AZ
84031A,C,Z,CZ
84031B,C,Z,CZ
84032A,B,Z,BZ
84032B,B,Z,BZ
84033,C,Z,CZ
84050,A,Z,AZ
84051,C,Z,CZ
84077,A,Y,AY
84078A,A,Y,AY
84086B,C,Z,CZ
84086C,C,Z,CZ
84192,C,Z,CZ
84199,C,Z,CZ
84201B,C,Z,CZ
84201C,C,Z,CZ
84206A,C,Z,CZ
84206B,C,Z,CZ
84206C,C,Z,CZ
84212,A,Y,AY
84218,C,Z,CZ
84226,C,Z,CZ
84227,C,Z,CZ
84228,C,Z,CZ
84231,C,Z,CZ
84247E,C,Z,CZ
84247G,C,Z,CZ
84247K,C,Z,CZ
84247L,C,Z,CZ
84247N,C,Y,CY
84249A,C,Z,CZ
84251B,C,Z,CZ
84251C,C,Z,CZ
84251G,C,Z,CZ
84279B,C,Z,CZ
84279P,B,Y,BY
84306,C,Z,CZ
84313B,C,Z,CZ
84313C,B,Z,BZ
84341B,C,Z,CZ
84347,A,X,AX
84352,C,Z,CZ
84356,B,Y,BY
84358,C,Z,CZ
84360,C,Z,CZ
84375,A,Y,AY
84378,A,Y,AY
84380,A,X,AX
84387A,C,Z,CZ
84388,C,Z,CZ
84402B,C,Z,CZ
84406B,A,Y,AY
84415A,C,Z,CZ
84415B,C,Z,CZ
84422,C,Z,CZ
84429A,C,Z,CZ
84452,C,Z,CZ
84457,C,Z,CZ
84459A,B,Z,BZ
84459B,B,Z,BZ
84461,C,Z,CZ
84462,C,Z,CZ
84465,C,Z,CZ
84466,C,Z,CZ
84497,C,Z,CZ
84499,C,Z,CZ
84507B,C,Z,CZ
84507C,C,Z,CZ
84508A,A,Z,AZ
84508B,C,Y,CY
84508C,C,Z,CZ
84509A,B,Y,BY
84509B,C,Y,CY
84509C,C,Z,CZ
84509E,C,Z,CZ
84509G,B,Z,BZ
84510A,B,X,BX
84510C,C,Y,CY
84510E,C,Z,CZ
84519A,C,Y,CY
84519B,C,Y,CY
84520B,C,Z,CZ
84522,C,Z,CZ
84527,C,Z,CZ
84531A,C,Z,CZ
84531B,C,Z,CZ
84534B,C,Z,CZ
84535A,C,Z,CZ
84535B,C,Y,CY
84536A,B,Y,BY
84536B,C,Z,CZ
84539,C,Z,CZ
84548,C,Z,CZ
84549,C,Z,CZ
84550,C,Z,CZ
84551,C,Z,CZ
84558A,B,Z,BZ
84559A,C,Y,CY
84559B,C,Y,CY
84562A,C,Z,CZ
84563A,C,Z,CZ
84563B,C,Z,CZ
84568,B,Z,BZ
84569A,C,Y,CY
84569B,C,Z,CZ
84569C,C,Z,CZ
84569D,C,Y,CY
84575A,C,Z,CZ
84576,C,Z,CZ
84580,B,Y,BY
84581,C,Y,CY
84584,C,Z,CZ
84592,C,Y,CY
84593,C,Z,CZ
84595E,C,Z,CZ
84596B,B,Y,BY
84596E,C,Z,CZ
84596F,B,Y,BY
84596G,C,Y,CY
84596J,C,Z,CZ
84596L,C,Z,CZ
84597B,C,Z,CZ
84597C,C,Z,CZ
84598,C,Z,CZ
84600,C,Z,CZ
84609,C,Z,CZ
84613A,C,Z,CZ
84613C,C,Z,CZ
84614A,C,Z,CZ
84616,C,Z,CZ
84617,C,Z,CZ
84620,C,Z,CZ
84625A,C,Y,CY
84625C,C,Y,CY
84629,C,Z,CZ
84631,C,Z,CZ
84632,C,Z,CZ
84637,C,Z,CZ
84638,C,Z,CZ
84658,C,Y,CY
84659A,C,Z,CZ
84660A,C,Z,CZ
84660B,C,Z,CZ
84660C,C,Z,CZ
84661A,C,Z,CZ
84661B,C,Z,CZ
84661C,C,Z,CZ
84663A,C,Z,CZ
84665,C,Z,CZ
84666,C,Z,CZ
84673A,C,Z,CZ
84673B,C,Z,CZ
84674,C,Z,CZ
84675,C,Z,CZ
84678,C,Z,CZ
84679,C,Z,CZ
84683,C,Z,CZ
84685,C,Z,CZ
84686,C,Z,CZ
84687,C,Z,CZ
84688,C,Z,CZ
84689,C,Z,CZ
84691,C,Z,CZ
84692,A,X,AX
84705C,C,Z,CZ
84706D,C,Z,CZ
84706F,C,Z,CZ
84707A,C,Z,CZ
84707B,C,Z,CZ
84708B,C,Z,CZ
84709B,C,Z,CZ
84711A,C,Z,CZ
84711B,C,Z,CZ
84712B,C,Z,CZ
84715,C,Z,CZ
84723,C,Z,CZ
84725,C,Z,CZ
84731,C,Z,CZ
84732B,C,Z,CZ
84732D,C,Z,CZ
84741C,C,Z,CZ
84743C,C,Z,CZ
84744,C,Z,CZ
84745A,C,Z,CZ
84745B,C,Z,CZ
84746,C,Z,CZ
84748,C,Z,CZ
84750A,C,X,CX
84750B,C,Z,CZ
84751B,C,Z,CZ
84754,C,Z,CZ
84755,A,Y,AY
84760S,C,Z,CZ
84763,C,Z,CZ
84766,C,Z,CZ
84773,C,Z,CZ
84789,C,Z,CZ
84792,A,Y,AY
84795B,B,Z,BZ
84795C,C,Z,CZ
84796A,C,Z,CZ
84796B,B,Z,BZ
84798A,C,Z,CZ
84798B,C,Z,CZ
84799,C,Z,CZ
84800L,C,Z,CZ
84800M,C,Z,CZ
84800S,C,Z,CZ
84801A,C,Z,CZ
84801B,C,Z,CZ
84802A,C,Z,CZ
84802B,C,Z,CZ
84803B,C,Z,CZ
84804A,C,Z,CZ
84804B,C,Z,CZ
84805A,C,Z,CZ
84805B,C,Z,CZ
84806A,C,Z,CZ
84806B,C,Z,CZ
84809A,C,Z,CZ
84809B,C,Z,CZ
84813,B,Z,BZ
84816,C,Z,CZ
84817,C,Z,CZ
84818,B,Z,BZ
84819,B,Z,BZ
84820,C,Z,CZ
84821,C,Z,CZ
84823,B,Z,BZ
84824,C,Z,CZ
84826,C,Z,CZ
84827,C,Z,CZ
84828,B,Z,BZ
84832,B,Y,BY
84836,A,X,AX
84839,C,X,CX
84840,C,Z,CZ
84842,C,Z,CZ
84843,B,Z,BZ
84846A,C,Z,CZ
84847,C,Z,CZ
84849A,C,Z,CZ
84849B,C,Z,CZ
84849D,C,Y,CY
84854,C,Z,CZ
84856S,C,X,CX
84857B,C,Z,CZ
84857C,C,Z,CZ
84858C,C,Z,CZ
84859A,C,Z,CZ
84859B,C,Z,CZ
84859C,C,Z,CZ
84865,C,Z,CZ
84870B,C,Z,CZ
84870C,C,Z,CZ
84872A,C,Z,CZ
84873A,C,Z,CZ
84874B,C,Z,CZ
84875B,C,Z,CZ
84875D,C,Z,CZ
84876B,C,Z,CZ
84876D,C,Z,CZ
84877A,C,Z,CZ
84877B,C,Z,CZ
84877D,C,Z,CZ
84879,A,Y,AY
84880,B,Z,BZ
84881,C,Z,CZ
84882,C,Z,CZ
84884A,B,Y,BY
84898F,C,Z,CZ
84905,C,Z,CZ
84906,C,Z,CZ
84907,C,Z,CZ
84910A,C,Z,CZ
84912A,C,Y,CY
84912B,C,Y,CY
84913A,C,Z,CZ
84913B,C,Y,CY
84915,C,Z,CZ
84916,C,Z,CZ
84917,C,Z,CZ
84919,C,Z,CZ
84920,C,Y,CY
84921,C,Z,CZ
84922,C,Z,CZ
84924A,C,Y,CY
84924F,C,Z,CZ
84925D,C,Z,CZ
84925F,C,Z,CZ
84926A,C,Z,CZ
84926D,C,Y,CY
84926E,C,Z,CZ
84926F,C,Z,CZ
84927A,C,Z,CZ
84927D,C,Z,CZ
84927E,C,Z,CZ
84927F,C,Z,CZ
84929,C,Z,CZ
84931A,C,Z,CZ
84931B,C,Z,CZ
84944,B,Z,BZ
84945,A,Y,AY
84946,A,X,AX
84947,A,Y,AY
84949,A,Y,AY
84950,B,Z,BZ
84951A,C,Y,CY
84951B,C,Y,CY
84952A,C,Z,CZ
84952B,C,Z,CZ
84952C,C,Z,CZ
84963A,C,Z,CZ
84963B,C,Z,CZ
84968A,B,Y,BY
84968B,C,Z,CZ
84968C,B,Y,BY
84968D,B,Z,BZ
84968E,B,Z,BZ
84968F,B,Z,BZ
84969,B,Y,BY
84970L,A,X,AX
84970S,A,X,AX
84971S,B,X,BX
84974,C,Y,CY
84975,C,Z,CZ
84976,C,Z,CZ
84978,A,Y,AY
84984A,C,Z,CZ
84984B,C,Z,CZ
84984D,C,Z,CZ
84985A,C,Z,CZ
84987,A,Y,AY
84988,A,Y,AY
84989A,C,Z,CZ
84990,C,Z,CZ
84991,A,X,AX
84992,A,X,AX
84993A,C,Y,CY
84993B,C,Z,CZ
84997A,A,Y,AY
84997B,A,Y,AY
84997C,A,Y,AY
84997D,A,Y,AY
85006,C,Z,CZ
85008,C,Z,CZ
85014A,A,Y,AY
85014B,A,Y,AY
85015,B,Y,BY
85016,C,Z,CZ
85017A,C,Z,CZ
85017B,C,Y,CY
85017C,C,Z,CZ
85018D,C,Z,CZ
85019A,C,Y,CY
85019B,C,Z,CZ
85019C,C,Z,CZ
85020,C,Y,CY
85023B,C,Z,CZ
85023C,C,X,CX
85024B,C,Z,CZ
85024C,C,Z,CZ
85025B,C,Z,CZ
85025C,C,Z,CZ
85026B,C,Z,CZ
85027L,C,Z,CZ
85028L,C,Z,CZ
85028S,C,Z,CZ
85030,C,Z,CZ
85031A,C,Z,CZ
85031B,C,Z,CZ
85031C,C,Z,CZ
85032A,C,Y,CY
85032B,C,Y,CY
85032C,C,Y,CY
85032D,C,Z,CZ
85034A,B,Z,BZ
85034B,B,Z,BZ
85034C,B,Z,BZ
85035A,C,Z,CZ
85035B,B,Z,BZ
85035C,B,Z,BZ
85036A,C,Z,CZ
85036B,C,Z,CZ
85036C,B,Z,BZ
85038,B,Z,BZ
85039A,C,Z,CZ
85039B,C,Z,CZ
85039C,C,Z,CZ
85040A,B,Y,BY
85040B,C,Z,CZ
85042,C,X,CX
85045,C,Z,CZ
85047,C,Z,CZ
85048,A,Z,AZ
85049A,A,Z,AZ
85049B,C,Z,CZ
85049C,B,Y,BY
85049D,C,Z,CZ
85049E,A,Y,AY
85049F,C,Z,CZ
85049G,B,Y,BY
85049H,C,Y,CY
85053,A,Y,AY
85054,B,Z,BZ
85055,C,Z,CZ
85059,C,Z,CZ
85061W,B,Y,BY
85062,B,Y,BY
85063,C,X,CX
85064,B,Z,BZ
85065,C,X,CX
85066,A,Y,AY
85067,C,Z,CZ
85068,C,X,CX
85071A,C,Z,CZ
85071B,C,Y,CY
85071C,C,Z,CZ
85071D,C,Z,CZ
85078,C,Z,CZ
85084,C,Z,CZ
85086A,C,Z,CZ
85087,C,Z,CZ
85088,C,Z,CZ
85089,C,Z,CZ
85092,C,Z,CZ
85093,C,Z,CZ
85094,C,Z,CZ
85095,C,Z,CZ
85096,C,Z,CZ
85098B,C,X,CX
85099B,A,X,AX
85099C,A,X,AX
85099F,A,Y,AY
85103,C,Z,CZ
85104,C,Z,CZ
85106,B,Z,BZ
85107,C,Z,CZ
85109,C,Z,CZ
85111,C,Z,CZ
85114A,B,Z,BZ
85114B,C,Z,CZ
85114C,C,Z,CZ
85116,C,Z,CZ
85118,C,Z,CZ
85123A,A,Y,AY
85124B,C,Z,CZ
85124C,C,Z,CZ
85125,C,Z,CZ
85126,C,X,CX
85127,C,Z,CZ
85129B,C,Z,CZ
85129C,C,Z,CZ
85129D,C,Z,CZ
85130A,C,Z,CZ
85130B,C,Z,CZ
85130C,C,Z,CZ
85130D,C,Z,CZ
85131A,C,Z,CZ
85131B,C,Z,CZ
85131C,C,Z,CZ
85131D,C,Z,CZ
85132A,B,Z,BZ
85132B,B,Z,BZ
85132C,A,Z,AZ
85135A,C,Z,CZ
85135B,C,Z,CZ
85135C,C,Y,CY
85136A,C,Z,CZ
85136B,C,Z,CZ
85136C,C,Z,CZ
85141,C,Z,CZ
85144,C,Z,CZ
85145,C,Z,CZ
85146,C,Z,CZ
85150,A,Y,AY
85152,A,X,AX
85159A,C,Y,CY
85159B,B,Y,BY
85160B,C,Z,CZ
85161,C,Z,CZ
85163A,C,Z,CZ
85163B,C,Z,CZ
85167B,C,Z,CZ
85168B,C,Z,CZ
85169A,C,Z,CZ
85169B,C,Z,CZ
85169C,C,Z,CZ
85169D,C,Z,CZ
85170A,C,Z,CZ
85170B,C,Z,CZ
85170C,C,Z,CZ
85170D,C,Z,CZ
85172,C,Z,CZ
85173,C,Y,CY
85174,B,Z,BZ
85175,B,X,BX
85176,C,Y,CY
85177,C,Z,CZ
85178,B,Y,BY
85179A,C,Z,CZ
85179C,C,Z,CZ
85180A,B,Z,BZ
85180B,C,Z,CZ
85183A,B,Y,BY
85183B,B,Y,BY
85184C,B,Z,BZ
85185B,B,Y,BY
85185D,C,Z,CZ
85186A,C,Z,CZ
85186C,C,Z,CZ
85187,C,Z,CZ
85188A,C,Z,CZ
85188B,C,Z,CZ
85189,C,Z,CZ
85194L,C,Z,CZ
85194S,C,Y,CY
85195,C,Z,CZ
85197,C,Z,CZ
85198,C,Z,CZ
85199L,C,Y,CY
85199S,B,Z,BZ
85200,C,Z,CZ
85202,C,Z,CZ
85203,C,Z,CZ
85204,C,Z,CZ
85205B,C,Z,CZ
85206A,B,Z,BZ
85206B,C,Z,CZ
85208,C,Z,CZ
85211,C,Z,CZ
85212,C,Z,CZ
85213,C,Z,CZ
85214,C,Z,CZ
85215,C,Z,CZ
85216,C,Z,CZ
85224,C,Z,CZ
85225,C,Z,CZ
85227,B,Y,BY
85230A,C,Y,CY
85230B,C,Y,CY
85230E,C,Y,CY
85230F,C,Z,CZ
85230G,C,Y,CY
85231B,C,Y,CY
85231G,C,Y,CY
85232A,C,Z,CZ
85232B,C,Z,CZ
85232D,B,Z,BZ
90000A,C,Z,CZ
90000B,C,Z,CZ
90000D,C,Z,CZ
90001A,C,Z,CZ
90001B,C,Z,CZ
90001C,C,Z,CZ
90001D,C,Z,CZ
90002D,C,Z,CZ
90003B,C,Z,CZ
90003C,C,Z,CZ
90003D,C,Z,CZ
90003E,C,Z,CZ
90010A,C,Z,CZ
90010B,C,Z,CZ
90010E,C,Z,CZ
90011A,C,Z,CZ
90011B,C,Z,CZ
90012A,C,Z,CZ
90012B,C,Z,CZ
90013A,C,Z,CZ
90013C,C,Z,CZ
90014A,C,Z,CZ
90014B,C,Z,CZ
90014C,C,Z,CZ
90016A,C,Z,CZ
90016B,C,Z,CZ
90018A,C,Z,CZ
90018B,C,Z,CZ
90018C,C,Z,CZ
90019A,C,Z,CZ
90019B,C,Z,CZ
90019C,C,Z,CZ
90021,C,Z,CZ
90022,C,Z,CZ
90023,C,Z,CZ
90024B,C,Z,CZ
90024C,C,Z,CZ
90024D,C,Z,CZ
90024F,C,Z,CZ
90025A,C,Z,CZ
90025F,C,Z,CZ
90026A,C,Z,CZ
90026B,C,Z,CZ
90026C,C,Z,CZ
90026D,C,Z,CZ
90027A,C,Z,CZ
90027D,C,Z,CZ
90028,C,Z,CZ
90029,C,Z,CZ
90030A,C,Z,CZ
90030B,C,Z,CZ
90030C,C,Z,CZ
90031,C,Z,CZ
90032,C,Z,CZ
90033,C,Z,CZ
90035A,C,Z,CZ
90035C,C,Z,CZ
90036A,C,Z,CZ
90036B,C,Z,CZ
90036C,C,Z,CZ
90036D,C,Z,CZ
90036E,C,Z,CZ
90036F,C,Z,CZ
90037B,C,Z,CZ
90038A,C,Z,CZ
90038B,C,Z,CZ
90038C,C,Z,CZ
90039A,C,Z,CZ
90039B,C,Z,CZ
90039C,C,Z,CZ
90039D,C,Z,CZ
90040A,C,Z,CZ
90040B,C,Z,CZ
90040C,C,Z,CZ
90041,C,Z,CZ
90042A,C,Z,CZ
90043,C,Z,CZ
90046,C,Z,CZ
90048,C,Z,CZ
90049,C,Z,CZ
90050,C,Z,CZ
90051,C,Z,CZ
90054,C,Z,CZ
90055,C,Z,CZ
90057,B,Z,BZ
90058A,C,Z,CZ
90058B,C,Z,CZ
90059A,C,Z,CZ
90059B,C,Z,CZ
90059C,C,Z,CZ
90059D,C,Z,CZ
90059E,C,Z,CZ
90059F,C,Z,CZ
90060B,C,Z,CZ
90060D,C,Z,CZ
90062,C,Z,CZ
90063A,C,Z,CZ
90063B,C,Z,CZ
90064A,C,Z,CZ
90064B,C,Z,CZ
90065A,C,Z,CZ
90065B,C,Z,CZ
90067A,C,Z,CZ
90069,C,Z,CZ
90070,C,Z,CZ
90071,C,Z,CZ
90072,C,Z,CZ
90073,C,Z,CZ
90074,C,Z,CZ
90076,C,Z,CZ
90078,C,Z,CZ
90079,C,Z,CZ
90081A,C,Z,CZ
90081C,C,Z,CZ
90082A,C,Z,CZ
90082B,C,Z,CZ
90082D,C,Z,CZ
90083,C,Z,CZ
90084,C,Z,CZ
90085,C,Z,CZ
90086,C,Z,CZ
90087,C,Z,CZ
90089,C,Z,CZ
90093,C,Z,CZ
90094,C,Z,CZ
90096,C,Z,CZ
90098,C,Z,CZ
90099,C,Z,CZ
90100,C,Z,CZ
90101,C,Z,CZ
90102,C,Z,CZ
90103,C,Z,CZ
90104,C,Z,CZ
90108,C,Z,CZ
90114,C,Z,CZ
90116,C,Z,CZ
90118,C,Z,CZ
90119,C,Z,CZ
90120B,C,Z,CZ
90120C,C,Z,CZ
90120D,C,Z,CZ
90122A,C,Z,CZ
90122B,C,Z,CZ
90122C,C,Z,CZ
90123A,C,Z,CZ
90123B,C,Z,CZ
90123C,C,Z,CZ
90123D,C,Z,CZ
90124A,C,Z,CZ
90124B,C,Z,CZ
90124C,C,Z,CZ
90125A,C,Z,CZ
90125B,C,Z,CZ
90125C,C,Z,CZ
90125D,C,Z,CZ
90125E,C,Z,CZ
90128B,C,Z,CZ
90129A,C,Z,CZ
90129B,C,Z,CZ
90129C,C,Z,CZ
90129D,C,Z,CZ
90129E,C,Z,CZ
90129F,C,Z,CZ
90130A,C,Z,CZ
90130B,C,Z,CZ
90131,C,Z,CZ
90133,C,Z,CZ
90135,C,Z,CZ
90136,C,Z,CZ
90138,C,Z,CZ
90141A,C,Z,CZ
90141B,C,Z,CZ
90141C,C,Z,CZ
90141D,C,Z,CZ
90141E,C,Z,CZ
90142D,C,Z,CZ
90143,C,Z,CZ
90144,C,Z,CZ
90145,C,Y,CY
90146,C,Z,CZ
90147,C,Z,CZ
90148,C,Z,CZ
90149,C,Z,CZ
90151,C,Z,CZ
90152A,C,Z,CZ
90152B,C,Z,CZ
90152C,C,Z,CZ
90154,C,Z,CZ
90155,C,Z,CZ
90156,C,Z,CZ
90157,C,Z,CZ
90158,C,Z,CZ
90159,C,Z,CZ
90160A,C,Z,CZ
90160B,C,Z,CZ
90160C,C,Z,CZ
90160D,C,Z,CZ
90161A,C,Z,CZ
90161B,C,Z,CZ
90161C,C,Z,CZ
90161D,C,Z,CZ
90162A,C,Z,CZ
90162B,C,Z,CZ
90162C,C,Z,CZ
90162D,C,Z,CZ
90163A,C,Z,CZ
90163B,C,Z,CZ
90164A,C,Z,CZ
90164B,C,Z,CZ
90165B,C,Z,CZ
90166,C,Z,CZ
90167,C,Z,CZ
90168,C,Z,CZ
90169,C,Z,CZ
90170,C,Z,CZ
90173,C,Z,CZ
90174,C,Z,CZ
90175A,C,Z,CZ
90175C,C,Z,CZ
90175D,C,Z,CZ
90176A,C,Z,CZ
90176B,C,Z,CZ
90176C,C,Z,CZ
90176D,C,Z,CZ
90176E,C,Z,CZ
90177A,C,Z,CZ
90177B,C,Z,CZ
90177C,C,Z,CZ
90177D,C,Z,CZ
90177E,C,Z,CZ
90178A,C,Z,CZ
90178B,C,Z,CZ
90179A,C,Z,CZ
90179C,C,Z,CZ
90180A,C,Z,CZ
90180B,C,Z,CZ
90181A,C,Z,CZ
90182C,C,Z,CZ
90183A,C,Z,CZ
90183C,C,Z,CZ
90184A,C,Z,CZ
90184B,C,Z,CZ
90184C,C,Z,CZ
90185A,C,Z,CZ
90185B,C,Z,CZ
90185C,C,Z,CZ
90185D,C,Z,CZ
90186A,C,Z,CZ
90186B,C,Z,CZ
90187B,C,Z,CZ
90188,C,Z,CZ
90189A,C,Z,CZ
90190A,C,Z,CZ
90190B,C,Z,CZ
90190C,C,Z,CZ
90191,C,Z,CZ
90192,C,Z,CZ
90194,C,Z,CZ
90195A,C,Z,CZ
90195B,C,Z,CZ
90196A,C,Z,CZ
90196B,C,Z,CZ
90197B,C,Z,CZ
90198A,C,Z,CZ
90198B,C,Z,CZ
90199A,C,Z,CZ
90199B,C,Z,CZ
90199C,C,Z,CZ
90199D,C,Z,CZ
90200A,C,Z,CZ
90200B,C,Y,CY
90200C,C,Z,CZ
90200D,C,Z,CZ
90200E,C,Z,CZ
90201A,C,Z,CZ
90201B,C,Z,CZ
90201C,C,Z,CZ
90201D,C,Z,CZ
90202A,C,Z,CZ
90202B,C,Z,CZ
90202C,C,Z,CZ
90202D,C,Z,CZ
90204,C,Z,CZ
90205A,C,Z,CZ
90205C,C,Z,CZ
90206A,C,Z,CZ
90206C,C,Z,CZ
90208,C,Z,CZ
90209A,C,Z,CZ
90209B,C,Z,CZ
90209C,C,Z,CZ
90210A,C,Z,CZ
90210B,C,Z,CZ
90210C,C,Z,CZ
90210D,C,Z,CZ
90211A,C,Z,CZ
90211B,C,Z,CZ
90212B,C,Z,CZ
90212C,C,Z,CZ
90214A,C,Z,CZ
90214B,C,Z,CZ
90214C,C,Z,CZ
90214D,C,Z,CZ
90214E,C,Z,CZ
90214F,C,Z,CZ
90214G,C,Z,CZ
90214H,C,Z,CZ
90214I,C,Z,CZ
90214J,C,Z,CZ
90214K,C,Z,CZ
90214L,C,Z,CZ
90214M,C,Z,CZ
90214N,C,Z,CZ
90214O,C,Z,CZ
90214P,C,Z,CZ
90214R,C,Z,CZ
90214S,C,Z,CZ
90214T,C,Z,CZ
90214U,C,Z,CZ
90214V,C,Z,CZ
90214W,C,Z,CZ
90214Y,C,Z,CZ
90214Z,C,Z,CZ
BANK CHARGES,C,Z,CZ
C2,A,Y,AY
CRUK,C,X,CX
D,C,X,CX
DOT,A,Z,AZ
M,C,Z,CZ
PADS,C,Z,CZ
POST,A,X,AX
