ano,uf,estado,regiao,idh,idh_educacao,idh_longevidade,idh_renda,populacao,fonte_idh,fonte_populacao,metodologia,data_coleta,categoria,validacao
2019,AC,Acre,Norte,0.659,0.556,0.775,0.666,885454,Atlas Brasil - PNUD (interpolado),IBGE - Censo 2022 + Projeções,Interpolação linear baseada em dados oficiais 2021,2025-05-30 15:04:25,Desenvolvimento Humano,Dados baseados em fontes oficiais: Atlas Brasil (PNUD) + IBGE
2019,AL,Alagoas,Nordeste,0.627,0.517,0.721,0.636,3285857,Atlas Brasil - PNUD (interpolado),IBGE - Censo 2022 + Projeções,Interpolação linear baseada em dados oficiais 2021,2025-05-30 15:04:25,Desenvolvimento Humano,Dados baseados em fontes oficiais: Atlas Brasil (PNUD) + IBGE
2019,AM,Amazonas,Norte,0.67,0.558,0.792,0.672,4169133,Atlas Brasil - PNUD (interpolado),IBGE - Censo 2022 + Projeções,Interpolação linear baseada em dados oficiais 2021,2025-05-30 15:04:25,Desenvolvimento Humano,Dados baseados em fontes oficiais: Atlas Brasil (PNUD) + IBGE
2019,AP,Amapá,Norte,0.704,0.626,0.779,0.709,856882,Atlas Brasil - PNUD (interpolado),IBGE - Censo 2022 + Projeções,Interpolação linear baseada em dados oficiais 2021,2025-05-30 15:04:25,Desenvolvimento Humano,Dados baseados em fontes oficiais: Atlas Brasil (PNUD) + IBGE
2019,BA,Bahia,Nordeste,0.656,0.552,0.752,0.658,14631315,Atlas Brasil - PNUD (interpolado),IBGE - Censo 2022 + Projeções,Interpolação linear baseada em dados oficiais 2021,2025-05-30 15:04:25,Desenvolvimento Humano,Dados baseados em fontes oficiais: Atlas Brasil (PNUD) + IBGE
2019,CE,Ceará,Nordeste,0.678,0.612,0.752,0.673,9022307,Atlas Brasil - PNUD (interpolado),IBGE - Censo 2022 + Projeções,Interpolação linear baseada em dados oficiais 2021,2025-05-30 15:04:25,Desenvolvimento Humano,Dados baseados em fontes oficiais: Atlas Brasil (PNUD) + IBGE
2019,DF,Distrito Federal,Centro-Oeste,0.82,0.739,0.871,0.858,3021233,Atlas Brasil - PNUD (interpolado),IBGE - Censo 2022 + Projeções,Interpolação linear baseada em dados oficiais 2021,2025-05-30 15:04:25,Desenvolvimento Humano,Dados baseados em fontes oficiais: Atlas Brasil (PNUD) + IBGE
2019,ES,Espírito Santo,Sudeste,0.736,0.65,0.833,0.726,4011460,Atlas Brasil - PNUD (interpolado),IBGE - Censo 2022 + Projeções,Interpolação linear baseada em dados oficiais 2021,2025-05-30 15:04:25,Desenvolvimento Humano,Dados baseados em fontes oficiais: Atlas Brasil (PNUD) + IBGE
2019,GO,Goiás,Centro-Oeste,0.731,0.643,0.825,0.73,7036361,Atlas Brasil - PNUD (interpolado),IBGE - Censo 2022 + Projeções,Interpolação linear baseada em dados oficiais 2021,2025-05-30 15:04:25,Desenvolvimento Humano,Dados baseados em fontes oficiais: Atlas Brasil (PNUD) + IBGE
2019,MA,Maranhão,Nordeste,0.635,0.559,0.755,0.607,6984294,Atlas Brasil - PNUD (interpolado),IBGE - Censo 2022 + Projeções,Interpolação linear baseada em dados oficiais 2021,2025-05-30 15:04:25,Desenvolvimento Humano,Dados baseados em fontes oficiais: Atlas Brasil (PNUD) + IBGE
2019,MG,Minas Gerais,Sudeste,0.727,0.635,0.836,0.713,20906150,Atlas Brasil - PNUD (interpolado),IBGE - Censo 2022 + Projeções,Interpolação linear baseada em dados oficiais 2021,2025-05-30 15:04:25,Desenvolvimento Humano,Dados baseados em fontes oficiais: Atlas Brasil (PNUD) + IBGE
2019,MS,Mato Grosso do Sul,Centro-Oeste,0.725,0.626,0.824,0.727,2772123,Atlas Brasil - PNUD (interpolado),IBGE - Censo 2022 + Projeções,Interpolação linear baseada em dados oficiais 2021,2025-05-30 15:04:25,Desenvolvimento Humano,Dados baseados em fontes oficiais: Atlas Brasil (PNUD) + IBGE
2019,MT,Mato Grosso,Centro-Oeste,0.721,0.632,0.819,0.72,3482972,Atlas Brasil - PNUD (interpolado),IBGE - Censo 2022 + Projeções,Interpolação linear baseada em dados oficiais 2021,2025-05-30 15:04:25,Desenvolvimento Humano,Dados baseados em fontes oficiais: Atlas Brasil (PNUD) + IBGE
2019,PA,Pará,Norte,0.642,0.525,0.787,0.641,8569799,Atlas Brasil - PNUD (interpolado),IBGE - Censo 2022 + Projeções,Interpolação linear baseada em dados oficiais 2021,2025-05-30 15:04:25,Desenvolvimento Humano,Dados baseados em fontes oficiais: Atlas Brasil (PNUD) + IBGE
2019,PB,Paraíba,Nordeste,0.654,0.552,0.781,0.636,3964005,Atlas Brasil - PNUD (interpolado),IBGE - Censo 2022 + Projeções,Interpolação linear baseada em dados oficiais 2021,2025-05-30 15:04:25,Desenvolvimento Humano,Dados baseados em fontes oficiais: Atlas Brasil (PNUD) + IBGE
2019,PE,Pernambuco,Nordeste,0.669,0.577,0.787,0.652,9446264,Atlas Brasil - PNUD (interpolado),IBGE - Censo 2022 + Projeções,Interpolação linear baseada em dados oficiais 2021,2025-05-30 15:04:25,Desenvolvimento Humano,Dados baseados em fontes oficiais: Atlas Brasil (PNUD) + IBGE
2019,PI,Piauí,Nordeste,0.642,0.544,0.775,0.613,3211593,Atlas Brasil - PNUD (interpolado),IBGE - Censo 2022 + Projeções,Interpolação linear baseada em dados oficiais 2021,2025-05-30 15:04:25,Desenvolvimento Humano,Dados baseados em fontes oficiais: Atlas Brasil (PNUD) + IBGE
2019,PR,Paraná,Sul,0.745,0.665,0.828,0.745,11323539,Atlas Brasil - PNUD (interpolado),IBGE - Censo 2022 + Projeções,Interpolação linear baseada em dados oficiais 2021,2025-05-30 15:04:25,Desenvolvimento Humano,Dados baseados em fontes oficiais: Atlas Brasil (PNUD) + IBGE
2019,RJ,Rio de Janeiro,Sudeste,0.757,0.672,0.833,0.768,17050846,Atlas Brasil - PNUD (interpolado),IBGE - Censo 2022 + Projeções,Interpolação linear baseada em dados oficiais 2021,2025-05-30 15:04:25,Desenvolvimento Humano,Dados baseados em fontes oficiais: Atlas Brasil (PNUD) + IBGE
2019,RN,Rio Grande do Norte,Nordeste,0.68,0.594,0.79,0.659,3476790,Atlas Brasil - PNUD (interpolado),IBGE - Censo 2022 + Projeções,Interpolação linear baseada em dados oficiais 2021,2025-05-30 15:04:25,Desenvolvimento Humano,Dados baseados em fontes oficiais: Atlas Brasil (PNUD) + IBGE
2019,RO,Rondônia,Norte,0.686,0.574,0.798,0.688,1772399,Atlas Brasil - PNUD (interpolado),IBGE - Censo 2022 + Projeções,Interpolação linear baseada em dados oficiais 2021,2025-05-30 15:04:25,Desenvolvimento Humano,Dados baseados em fontes oficiais: Atlas Brasil (PNUD) + IBGE
2019,RR,Roraima,Norte,0.703,0.661,0.775,0.679,637295,Atlas Brasil - PNUD (interpolado),IBGE - Censo 2022 + Projeções,Interpolação linear baseada em dados oficiais 2021,2025-05-30 15:04:25,Desenvolvimento Humano,Dados baseados em fontes oficiais: Atlas Brasil (PNUD) + IBGE
2019,RS,Rio Grande do Sul,Sul,0.742,0.639,0.838,0.752,11195776,Atlas Brasil - PNUD (interpolado),IBGE - Censo 2022 + Projeções,Interpolação linear baseada em dados oficiais 2021,2025-05-30 15:04:25,Desenvolvimento Humano,Dados baseados em fontes oficiais: Atlas Brasil (PNUD) + IBGE
2019,SC,Santa Catarina,Sul,0.77,0.694,0.858,0.76,7165130,Atlas Brasil - PNUD (interpolado),IBGE - Censo 2022 + Projeções,Interpolação linear baseada em dados oficiais 2021,2025-05-30 15:04:25,Desenvolvimento Humano,Dados baseados em fontes oficiais: Atlas Brasil (PNUD) + IBGE
2019,SE,Sergipe,Nordeste,0.661,0.557,0.779,0.654,2283236,Atlas Brasil - PNUD (interpolado),IBGE - Censo 2022 + Projeções,Interpolação linear baseada em dados oficiais 2021,2025-05-30 15:04:25,Desenvolvimento Humano,Dados baseados em fontes oficiais: Atlas Brasil (PNUD) + IBGE
2019,SP,São Paulo,Sudeste,0.779,0.698,0.843,0.798,45547230,Atlas Brasil - PNUD (interpolado),IBGE - Censo 2022 + Projeções,Interpolação linear baseada em dados oficiais 2021,2025-05-30 15:04:25,Desenvolvimento Humano,Dados baseados em fontes oficiais: Atlas Brasil (PNUD) + IBGE
2019,TO,Tocantins,Norte,0.695,0.621,0.791,0.676,1569395,Atlas Brasil - PNUD (interpolado),IBGE - Censo 2022 + Projeções,Interpolação linear baseada em dados oficiais 2021,2025-05-30 15:04:25,Desenvolvimento Humano,Dados baseados em fontes oficiais: Atlas Brasil (PNUD) + IBGE
2020,AC,Acre,Norte,0.661,0.557,0.776,0.669,892538,Atlas Brasil - PNUD (interpolado),IBGE - Censo 2022 + Projeções,Interpolação linear baseada em dados oficiais 2021,2025-05-30 15:04:25,Desenvolvimento Humano,Dados baseados em fontes oficiais: Atlas Brasil (PNUD) + IBGE
2020,AL,Alagoas,Nordeste,0.629,0.518,0.722,0.639,3312144,Atlas Brasil - PNUD (interpolado),IBGE - Censo 2022 + Projeções,Interpolação linear baseada em dados oficiais 2021,2025-05-30 15:04:25,Desenvolvimento Humano,Dados baseados em fontes oficiais: Atlas Brasil (PNUD) + IBGE
2020,AM,Amazonas,Norte,0.672,0.559,0.793,0.675,4202486,Atlas Brasil - PNUD (interpolado),IBGE - Censo 2022 + Projeções,Interpolação linear baseada em dados oficiais 2021,2025-05-30 15:04:25,Desenvolvimento Humano,Dados baseados em fontes oficiais: Atlas Brasil (PNUD) + IBGE
2020,AP,Amapá,Norte,0.706,0.627,0.78,0.712,863737,Atlas Brasil - PNUD (interpolado),IBGE - Censo 2022 + Projeções,Interpolação linear baseada em dados oficiais 2021,2025-05-30 15:04:25,Desenvolvimento Humano,Dados baseados em fontes oficiais: Atlas Brasil (PNUD) + IBGE
2020,BA,Bahia,Nordeste,0.658,0.553,0.753,0.661,14748366,Atlas Brasil - PNUD (interpolado),IBGE - Censo 2022 + Projeções,Interpolação linear baseada em dados oficiais 2021,2025-05-30 15:04:25,Desenvolvimento Humano,Dados baseados em fontes oficiais: Atlas Brasil (PNUD) + IBGE
2020,CE,Ceará,Nordeste,0.68,0.613,0.753,0.676,9094486,Atlas Brasil - PNUD (interpolado),IBGE - Censo 2022 + Projeções,Interpolação linear baseada em dados oficiais 2021,2025-05-30 15:04:25,Desenvolvimento Humano,Dados baseados em fontes oficiais: Atlas Brasil (PNUD) + IBGE
2020,DF,Distrito Federal,Centro-Oeste,0.822,0.74,0.872,0.861,3045403,Atlas Brasil - PNUD (interpolado),IBGE - Censo 2022 + Projeções,Interpolação linear baseada em dados oficiais 2021,2025-05-30 15:04:25,Desenvolvimento Humano,Dados baseados em fontes oficiais: Atlas Brasil (PNUD) + IBGE
2020,ES,Espírito Santo,Sudeste,0.738,0.651,0.834,0.729,4043552,Atlas Brasil - PNUD (interpolado),IBGE - Censo 2022 + Projeções,Interpolação linear baseada em dados oficiais 2021,2025-05-30 15:04:25,Desenvolvimento Humano,Dados baseados em fontes oficiais: Atlas Brasil (PNUD) + IBGE
2020,GO,Goiás,Centro-Oeste,0.733,0.644,0.826,0.733,7092652,Atlas Brasil - PNUD (interpolado),IBGE - Censo 2022 + Projeções,Interpolação linear baseada em dados oficiais 2021,2025-05-30 15:04:25,Desenvolvimento Humano,Dados baseados em fontes oficiais: Atlas Brasil (PNUD) + IBGE
2020,MA,Maranhão,Nordeste,0.637,0.56,0.756,0.61,7040168,Atlas Brasil - PNUD (interpolado),IBGE - Censo 2022 + Projeções,Interpolação linear baseada em dados oficiais 2021,2025-05-30 15:04:25,Desenvolvimento Humano,Dados baseados em fontes oficiais: Atlas Brasil (PNUD) + IBGE
2020,MG,Minas Gerais,Sudeste,0.729,0.636,0.837,0.716,21073399,Atlas Brasil - PNUD (interpolado),IBGE - Censo 2022 + Projeções,Interpolação linear baseada em dados oficiais 2021,2025-05-30 15:04:25,Desenvolvimento Humano,Dados baseados em fontes oficiais: Atlas Brasil (PNUD) + IBGE
2020,MS,Mato Grosso do Sul,Centro-Oeste,0.727,0.627,0.825,0.73,2794300,Atlas Brasil - PNUD (interpolado),IBGE - Censo 2022 + Projeções,Interpolação linear baseada em dados oficiais 2021,2025-05-30 15:04:25,Desenvolvimento Humano,Dados baseados em fontes oficiais: Atlas Brasil (PNUD) + IBGE
2020,MT,Mato Grosso,Centro-Oeste,0.723,0.633,0.82,0.723,3510835,Atlas Brasil - PNUD (interpolado),IBGE - Censo 2022 + Projeções,Interpolação linear baseada em dados oficiais 2021,2025-05-30 15:04:25,Desenvolvimento Humano,Dados baseados em fontes oficiais: Atlas Brasil (PNUD) + IBGE
2020,PA,Pará,Norte,0.644,0.526,0.788,0.644,8638357,Atlas Brasil - PNUD (interpolado),IBGE - Censo 2022 + Projeções,Interpolação linear baseada em dados oficiais 2021,2025-05-30 15:04:25,Desenvolvimento Humano,Dados baseados em fontes oficiais: Atlas Brasil (PNUD) + IBGE
2020,PB,Paraíba,Nordeste,0.656,0.553,0.782,0.639,3995717,Atlas Brasil - PNUD (interpolado),IBGE - Censo 2022 + Projeções,Interpolação linear baseada em dados oficiais 2021,2025-05-30 15:04:25,Desenvolvimento Humano,Dados baseados em fontes oficiais: Atlas Brasil (PNUD) + IBGE
2020,PE,Pernambuco,Nordeste,0.671,0.578,0.788,0.655,9521834,Atlas Brasil - PNUD (interpolado),IBGE - Censo 2022 + Projeções,Interpolação linear baseada em dados oficiais 2021,2025-05-30 15:04:25,Desenvolvimento Humano,Dados baseados em fontes oficiais: Atlas Brasil (PNUD) + IBGE
2020,PI,Piauí,Nordeste,0.644,0.545,0.776,0.616,3237286,Atlas Brasil - PNUD (interpolado),IBGE - Censo 2022 + Projeções,Interpolação linear baseada em dados oficiais 2021,2025-05-30 15:04:25,Desenvolvimento Humano,Dados baseados em fontes oficiais: Atlas Brasil (PNUD) + IBGE
2020,PR,Paraná,Sul,0.747,0.666,0.829,0.748,11414127,Atlas Brasil - PNUD (interpolado),IBGE - Censo 2022 + Projeções,Interpolação linear baseada em dados oficiais 2021,2025-05-30 15:04:25,Desenvolvimento Humano,Dados baseados em fontes oficiais: Atlas Brasil (PNUD) + IBGE
2020,RJ,Rio de Janeiro,Sudeste,0.759,0.673,0.834,0.771,17187252,Atlas Brasil - PNUD (interpolado),IBGE - Censo 2022 + Projeções,Interpolação linear baseada em dados oficiais 2021,2025-05-30 15:04:25,Desenvolvimento Humano,Dados baseados em fontes oficiais: Atlas Brasil (PNUD) + IBGE
2020,RN,Rio Grande do Norte,Nordeste,0.682,0.595,0.791,0.662,3504605,Atlas Brasil - PNUD (interpolado),IBGE - Censo 2022 + Projeções,Interpolação linear baseada em dados oficiais 2021,2025-05-30 15:04:25,Desenvolvimento Humano,Dados baseados em fontes oficiais: Atlas Brasil (PNUD) + IBGE
2020,RO,Rondônia,Norte,0.688,0.575,0.799,0.691,1786578,Atlas Brasil - PNUD (interpolado),IBGE - Censo 2022 + Projeções,Interpolação linear baseada em dados oficiais 2021,2025-05-30 15:04:25,Desenvolvimento Humano,Dados baseados em fontes oficiais: Atlas Brasil (PNUD) + IBGE
2020,RR,Roraima,Norte,0.705,0.662,0.776,0.682,642393,Atlas Brasil - PNUD (interpolado),IBGE - Censo 2022 + Projeções,Interpolação linear baseada em dados oficiais 2021,2025-05-30 15:04:25,Desenvolvimento Humano,Dados baseados em fontes oficiais: Atlas Brasil (PNUD) + IBGE
2020,RS,Rio Grande do Sul,Sul,0.744,0.64,0.839,0.755,11285342,Atlas Brasil - PNUD (interpolado),IBGE - Censo 2022 + Projeções,Interpolação linear baseada em dados oficiais 2021,2025-05-30 15:04:25,Desenvolvimento Humano,Dados baseados em fontes oficiais: Atlas Brasil (PNUD) + IBGE
2020,SC,Santa Catarina,Sul,0.772,0.695,0.859,0.763,7222451,Atlas Brasil - PNUD (interpolado),IBGE - Censo 2022 + Projeções,Interpolação linear baseada em dados oficiais 2021,2025-05-30 15:04:25,Desenvolvimento Humano,Dados baseados em fontes oficiais: Atlas Brasil (PNUD) + IBGE
2020,SE,Sergipe,Nordeste,0.663,0.558,0.78,0.657,2301502,Atlas Brasil - PNUD (interpolado),IBGE - Censo 2022 + Projeções,Interpolação linear baseada em dados oficiais 2021,2025-05-30 15:04:25,Desenvolvimento Humano,Dados baseados em fontes oficiais: Atlas Brasil (PNUD) + IBGE
2020,SP,São Paulo,Sudeste,0.781,0.699,0.844,0.801,45911607,Atlas Brasil - PNUD (interpolado),IBGE - Censo 2022 + Projeções,Interpolação linear baseada em dados oficiais 2021,2025-05-30 15:04:25,Desenvolvimento Humano,Dados baseados em fontes oficiais: Atlas Brasil (PNUD) + IBGE
2020,TO,Tocantins,Norte,0.697,0.622,0.792,0.679,1581950,Atlas Brasil - PNUD (interpolado),IBGE - Censo 2022 + Projeções,Interpolação linear baseada em dados oficiais 2021,2025-05-30 15:04:25,Desenvolvimento Humano,Dados baseados em fontes oficiais: Atlas Brasil (PNUD) + IBGE
2021,AC,Acre,Norte,0.663,0.559,0.777,0.671,899678,Atlas Brasil - PNUD (interpolado),IBGE - Censo 2022 + Projeções,Interpolação linear baseada em dados oficiais 2021,2025-05-30 15:04:25,Desenvolvimento Humano,Dados baseados em fontes oficiais: Atlas Brasil (PNUD) + IBGE
2021,AL,Alagoas,Nordeste,0.631,0.52,0.723,0.641,3338641,Atlas Brasil - PNUD (interpolado),IBGE - Censo 2022 + Projeções,Interpolação linear baseada em dados oficiais 2021,2025-05-30 15:04:25,Desenvolvimento Humano,Dados baseados em fontes oficiais: Atlas Brasil (PNUD) + IBGE
2021,AM,Amazonas,Norte,0.674,0.561,0.794,0.677,4236106,Atlas Brasil - PNUD (interpolado),IBGE - Censo 2022 + Projeções,Interpolação linear baseada em dados oficiais 2021,2025-05-30 15:04:25,Desenvolvimento Humano,Dados baseados em fontes oficiais: Atlas Brasil (PNUD) + IBGE
2021,AP,Amapá,Norte,0.708,0.629,0.781,0.714,870647,Atlas Brasil - PNUD (interpolado),IBGE - Censo 2022 + Projeções,Interpolação linear baseada em dados oficiais 2021,2025-05-30 15:04:25,Desenvolvimento Humano,Dados baseados em fontes oficiais: Atlas Brasil (PNUD) + IBGE
2021,BA,Bahia,Nordeste,0.66,0.555,0.754,0.663,14866353,Atlas Brasil - PNUD (interpolado),IBGE - Censo 2022 + Projeções,Interpolação linear baseada em dados oficiais 2021,2025-05-30 15:04:25,Desenvolvimento Humano,Dados baseados em fontes oficiais: Atlas Brasil (PNUD) + IBGE
2021,CE,Ceará,Nordeste,0.682,0.615,0.754,0.678,9167242,Atlas Brasil - PNUD (interpolado),IBGE - Censo 2022 + Projeções,Interpolação linear baseada em dados oficiais 2021,2025-05-30 15:04:25,Desenvolvimento Humano,Dados baseados em fontes oficiais: Atlas Brasil (PNUD) + IBGE
2021,DF,Distrito Federal,Centro-Oeste,0.824,0.742,0.873,0.863,3069766,Atlas Brasil - PNUD (interpolado),IBGE - Censo 2022 + Projeções,Interpolação linear baseada em dados oficiais 2021,2025-05-30 15:04:25,Desenvolvimento Humano,Dados baseados em fontes oficiais: Atlas Brasil (PNUD) + IBGE
2021,ES,Espírito Santo,Sudeste,0.74,0.653,0.835,0.731,4075900,Atlas Brasil - PNUD (interpolado),IBGE - Censo 2022 + Projeções,Interpolação linear baseada em dados oficiais 2021,2025-05-30 15:04:25,Desenvolvimento Humano,Dados baseados em fontes oficiais: Atlas Brasil (PNUD) + IBGE
2021,GO,Goiás,Centro-Oeste,0.735,0.646,0.827,0.735,7149393,Atlas Brasil - PNUD (interpolado),IBGE - Censo 2022 + Projeções,Interpolação linear baseada em dados oficiais 2021,2025-05-30 15:04:25,Desenvolvimento Humano,Dados baseados em fontes oficiais: Atlas Brasil (PNUD) + IBGE
2021,MA,Maranhão,Nordeste,0.639,0.562,0.757,0.612,7096490,Atlas Brasil - PNUD (interpolado),IBGE - Censo 2022 + Projeções,Interpolação linear baseada em dados oficiais 2021,2025-05-30 15:04:25,Desenvolvimento Humano,Dados baseados em fontes oficiais: Atlas Brasil (PNUD) + IBGE
2021,MG,Minas Gerais,Sudeste,0.731,0.638,0.838,0.718,21241987,Atlas Brasil - PNUD (interpolado),IBGE - Censo 2022 + Projeções,Interpolação linear baseada em dados oficiais 2021,2025-05-30 15:04:25,Desenvolvimento Humano,Dados baseados em fontes oficiais: Atlas Brasil (PNUD) + IBGE
2021,MS,Mato Grosso do Sul,Centro-Oeste,0.729,0.629,0.826,0.732,2816654,Atlas Brasil - PNUD (interpolado),IBGE - Censo 2022 + Projeções,Interpolação linear baseada em dados oficiais 2021,2025-05-30 15:04:25,Desenvolvimento Humano,Dados baseados em fontes oficiais: Atlas Brasil (PNUD) + IBGE
2021,MT,Mato Grosso,Centro-Oeste,0.725,0.635,0.821,0.725,3538922,Atlas Brasil - PNUD (interpolado),IBGE - Censo 2022 + Projeções,Interpolação linear baseada em dados oficiais 2021,2025-05-30 15:04:25,Desenvolvimento Humano,Dados baseados em fontes oficiais: Atlas Brasil (PNUD) + IBGE
2021,PA,Pará,Norte,0.646,0.528,0.789,0.646,8707464,Atlas Brasil - PNUD (interpolado),IBGE - Censo 2022 + Projeções,Interpolação linear baseada em dados oficiais 2021,2025-05-30 15:04:25,Desenvolvimento Humano,Dados baseados em fontes oficiais: Atlas Brasil (PNUD) + IBGE
2021,PB,Paraíba,Nordeste,0.658,0.555,0.783,0.641,4027683,Atlas Brasil - PNUD (interpolado),IBGE - Censo 2022 + Projeções,Interpolação linear baseada em dados oficiais 2021,2025-05-30 15:04:25,Desenvolvimento Humano,Dados baseados em fontes oficiais: Atlas Brasil (PNUD) + IBGE
2021,PE,Pernambuco,Nordeste,0.673,0.58,0.789,0.657,9598008,Atlas Brasil - PNUD (interpolado),IBGE - Censo 2022 + Projeções,Interpolação linear baseada em dados oficiais 2021,2025-05-30 15:04:25,Desenvolvimento Humano,Dados baseados em fontes oficiais: Atlas Brasil (PNUD) + IBGE
2021,PI,Piauí,Nordeste,0.646,0.547,0.777,0.618,3263184,Atlas Brasil - PNUD (interpolado),IBGE - Censo 2022 + Projeções,Interpolação linear baseada em dados oficiais 2021,2025-05-30 15:04:25,Desenvolvimento Humano,Dados baseados em fontes oficiais: Atlas Brasil (PNUD) + IBGE
2021,PR,Paraná,Sul,0.749,0.668,0.83,0.75,11505440,Atlas Brasil - PNUD (interpolado),IBGE - Censo 2022 + Projeções,Interpolação linear baseada em dados oficiais 2021,2025-05-30 15:04:25,Desenvolvimento Humano,Dados baseados em fontes oficiais: Atlas Brasil (PNUD) + IBGE
2021,RJ,Rio de Janeiro,Sudeste,0.761,0.675,0.835,0.773,17324750,Atlas Brasil - PNUD (interpolado),IBGE - Censo 2022 + Projeções,Interpolação linear baseada em dados oficiais 2021,2025-05-30 15:04:25,Desenvolvimento Humano,Dados baseados em fontes oficiais: Atlas Brasil (PNUD) + IBGE
2021,RN,Rio Grande do Norte,Nordeste,0.684,0.597,0.792,0.664,3532641,Atlas Brasil - PNUD (interpolado),IBGE - Censo 2022 + Projeções,Interpolação linear baseada em dados oficiais 2021,2025-05-30 15:04:25,Desenvolvimento Humano,Dados baseados em fontes oficiais: Atlas Brasil (PNUD) + IBGE
2021,RO,Rondônia,Norte,0.69,0.577,0.8,0.693,1800871,Atlas Brasil - PNUD (interpolado),IBGE - Censo 2022 + Projeções,Interpolação linear baseada em dados oficiais 2021,2025-05-30 15:04:25,Desenvolvimento Humano,Dados baseados em fontes oficiais: Atlas Brasil (PNUD) + IBGE
2021,RR,Roraima,Norte,0.707,0.664,0.777,0.684,647532,Atlas Brasil - PNUD (interpolado),IBGE - Censo 2022 + Projeções,Interpolação linear baseada em dados oficiais 2021,2025-05-30 15:04:25,Desenvolvimento Humano,Dados baseados em fontes oficiais: Atlas Brasil (PNUD) + IBGE
2021,RS,Rio Grande do Sul,Sul,0.746,0.642,0.84,0.757,11375625,Atlas Brasil - PNUD (interpolado),IBGE - Censo 2022 + Projeções,Interpolação linear baseada em dados oficiais 2021,2025-05-30 15:04:25,Desenvolvimento Humano,Dados baseados em fontes oficiais: Atlas Brasil (PNUD) + IBGE
2021,SC,Santa Catarina,Sul,0.774,0.697,0.86,0.765,7280231,Atlas Brasil - PNUD (interpolado),IBGE - Censo 2022 + Projeções,Interpolação linear baseada em dados oficiais 2021,2025-05-30 15:04:25,Desenvolvimento Humano,Dados baseados em fontes oficiais: Atlas Brasil (PNUD) + IBGE
2021,SE,Sergipe,Nordeste,0.665,0.56,0.781,0.659,2319914,Atlas Brasil - PNUD (interpolado),IBGE - Censo 2022 + Projeções,Interpolação linear baseada em dados oficiais 2021,2025-05-30 15:04:25,Desenvolvimento Humano,Dados baseados em fontes oficiais: Atlas Brasil (PNUD) + IBGE
2021,SP,São Paulo,Sudeste,0.783,0.701,0.845,0.803,46278900,Atlas Brasil - PNUD (interpolado),IBGE - Censo 2022 + Projeções,Interpolação linear baseada em dados oficiais 2021,2025-05-30 15:04:25,Desenvolvimento Humano,Dados baseados em fontes oficiais: Atlas Brasil (PNUD) + IBGE
2021,TO,Tocantins,Norte,0.699,0.624,0.793,0.681,1594606,Atlas Brasil - PNUD (interpolado),IBGE - Censo 2022 + Projeções,Interpolação linear baseada em dados oficiais 2021,2025-05-30 15:04:25,Desenvolvimento Humano,Dados baseados em fontes oficiais: Atlas Brasil (PNUD) + IBGE
2022,AC,Acre,Norte,0.665,0.561,0.778,0.673,906876,Atlas Brasil - PNUD (interpolado),IBGE - Censo 2022 + Projeções,Interpolação linear baseada em dados oficiais 2021,2025-05-30 15:04:25,Desenvolvimento Humano,Dados baseados em fontes oficiais: Atlas Brasil (PNUD) + IBGE
2022,AL,Alagoas,Nordeste,0.633,0.522,0.724,0.643,3365351,Atlas Brasil - PNUD (interpolado),IBGE - Censo 2022 + Projeções,Interpolação linear baseada em dados oficiais 2021,2025-05-30 15:04:25,Desenvolvimento Humano,Dados baseados em fontes oficiais: Atlas Brasil (PNUD) + IBGE
2022,AM,Amazonas,Norte,0.676,0.563,0.795,0.679,4269995,Atlas Brasil - PNUD (interpolado),IBGE - Censo 2022 + Projeções,Interpolação linear baseada em dados oficiais 2021,2025-05-30 15:04:25,Desenvolvimento Humano,Dados baseados em fontes oficiais: Atlas Brasil (PNUD) + IBGE
2022,AP,Amapá,Norte,0.71,0.631,0.782,0.716,877613,Atlas Brasil - PNUD (interpolado),IBGE - Censo 2022 + Projeções,Interpolação linear baseada em dados oficiais 2021,2025-05-30 15:04:25,Desenvolvimento Humano,Dados baseados em fontes oficiais: Atlas Brasil (PNUD) + IBGE
2022,BA,Bahia,Nordeste,0.662,0.557,0.755,0.665,14985284,Atlas Brasil - PNUD (interpolado),IBGE - Censo 2022 + Projeções,Interpolação linear baseada em dados oficiais 2021,2025-05-30 15:04:25,Desenvolvimento Humano,Dados baseados em fontes oficiais: Atlas Brasil (PNUD) + IBGE
2022,CE,Ceará,Nordeste,0.684,0.617,0.755,0.68,9240580,Atlas Brasil - PNUD (interpolado),IBGE - Censo 2022 + Projeções,Interpolação linear baseada em dados oficiais 2021,2025-05-30 15:04:25,Desenvolvimento Humano,Dados baseados em fontes oficiais: Atlas Brasil (PNUD) + IBGE
2022,DF,Distrito Federal,Centro-Oeste,0.826,0.744,0.874,0.865,3094325,Atlas Brasil - PNUD (interpolado),IBGE - Censo 2022 + Projeções,Interpolação linear baseada em dados oficiais 2021,2025-05-30 15:04:25,Desenvolvimento Humano,Dados baseados em fontes oficiais: Atlas Brasil (PNUD) + IBGE
2022,ES,Espírito Santo,Sudeste,0.742,0.655,0.836,0.733,4108508,Atlas Brasil - PNUD (interpolado),IBGE - Censo 2022 + Projeções,Interpolação linear baseada em dados oficiais 2021,2025-05-30 15:04:25,Desenvolvimento Humano,Dados baseados em fontes oficiais: Atlas Brasil (PNUD) + IBGE
2022,GO,Goiás,Centro-Oeste,0.737,0.648,0.828,0.737,7206589,Atlas Brasil - PNUD (interpolado),IBGE - Censo 2022 + Projeções,Interpolação linear baseada em dados oficiais 2021,2025-05-30 15:04:25,Desenvolvimento Humano,Dados baseados em fontes oficiais: Atlas Brasil (PNUD) + IBGE
2022,MA,Maranhão,Nordeste,0.641,0.564,0.758,0.614,7153262,Atlas Brasil - PNUD (interpolado),IBGE - Censo 2022 + Projeções,Interpolação linear baseada em dados oficiais 2021,2025-05-30 15:04:25,Desenvolvimento Humano,Dados baseados em fontes oficiais: Atlas Brasil (PNUD) + IBGE
2022,MG,Minas Gerais,Sudeste,0.733,0.64,0.839,0.72,21411923,Atlas Brasil - PNUD (interpolado),IBGE - Censo 2022 + Projeções,Interpolação linear baseada em dados oficiais 2021,2025-05-30 15:04:25,Desenvolvimento Humano,Dados baseados em fontes oficiais: Atlas Brasil (PNUD) + IBGE
2022,MS,Mato Grosso do Sul,Centro-Oeste,0.731,0.631,0.827,0.734,2839188,Atlas Brasil - PNUD (interpolado),IBGE - Censo 2022 + Projeções,Interpolação linear baseada em dados oficiais 2021,2025-05-30 15:04:25,Desenvolvimento Humano,Dados baseados em fontes oficiais: Atlas Brasil (PNUD) + IBGE
2022,MT,Mato Grosso,Centro-Oeste,0.727,0.637,0.822,0.727,3567234,Atlas Brasil - PNUD (interpolado),IBGE - Censo 2022 + Projeções,Interpolação linear baseada em dados oficiais 2021,2025-05-30 15:04:25,Desenvolvimento Humano,Dados baseados em fontes oficiais: Atlas Brasil (PNUD) + IBGE
2022,PA,Pará,Norte,0.648,0.53,0.79,0.648,8777124,Atlas Brasil - PNUD (interpolado),IBGE - Censo 2022 + Projeções,Interpolação linear baseada em dados oficiais 2021,2025-05-30 15:04:25,Desenvolvimento Humano,Dados baseados em fontes oficiais: Atlas Brasil (PNUD) + IBGE
2022,PB,Paraíba,Nordeste,0.66,0.557,0.784,0.643,4059905,Atlas Brasil - PNUD (interpolado),IBGE - Censo 2022 + Projeções,Interpolação linear baseada em dados oficiais 2021,2025-05-30 15:04:25,Desenvolvimento Humano,Dados baseados em fontes oficiais: Atlas Brasil (PNUD) + IBGE
2022,PE,Pernambuco,Nordeste,0.675,0.582,0.79,0.659,9674793,Atlas Brasil - PNUD (interpolado),IBGE - Censo 2022 + Projeções,Interpolação linear baseada em dados oficiais 2021,2025-05-30 15:04:25,Desenvolvimento Humano,Dados baseados em fontes oficiais: Atlas Brasil (PNUD) + IBGE
2022,PI,Piauí,Nordeste,0.648,0.549,0.778,0.62,3289290,Atlas Brasil - PNUD (interpolado),IBGE - Censo 2022 + Projeções,Interpolação linear baseada em dados oficiais 2021,2025-05-30 15:04:25,Desenvolvimento Humano,Dados baseados em fontes oficiais: Atlas Brasil (PNUD) + IBGE
2022,PR,Paraná,Sul,0.751,0.67,0.831,0.752,11597484,Atlas Brasil - PNUD (interpolado),IBGE - Censo 2022 + Projeções,Interpolação linear baseada em dados oficiais 2021,2025-05-30 15:04:25,Desenvolvimento Humano,Dados baseados em fontes oficiais: Atlas Brasil (PNUD) + IBGE
2022,RJ,Rio de Janeiro,Sudeste,0.763,0.677,0.836,0.775,17463349,Atlas Brasil - PNUD (interpolado),IBGE - Censo 2022 + Projeções,Interpolação linear baseada em dados oficiais 2021,2025-05-30 15:04:25,Desenvolvimento Humano,Dados baseados em fontes oficiais: Atlas Brasil (PNUD) + IBGE
2022,RN,Rio Grande do Norte,Nordeste,0.686,0.599,0.793,0.666,3560903,Atlas Brasil - PNUD (interpolado),IBGE - Censo 2022 + Projeções,Interpolação linear baseada em dados oficiais 2021,2025-05-30 15:04:25,Desenvolvimento Humano,Dados baseados em fontes oficiais: Atlas Brasil (PNUD) + IBGE
2022,RO,Rondônia,Norte,0.692,0.579,0.801,0.695,1815278,Atlas Brasil - PNUD (interpolado),IBGE - Censo 2022 + Projeções,Interpolação linear baseada em dados oficiais 2021,2025-05-30 15:04:25,Desenvolvimento Humano,Dados baseados em fontes oficiais: Atlas Brasil (PNUD) + IBGE
2022,RR,Roraima,Norte,0.709,0.666,0.778,0.686,652713,Atlas Brasil - PNUD (interpolado),IBGE - Censo 2022 + Projeções,Interpolação linear baseada em dados oficiais 2021,2025-05-30 15:04:25,Desenvolvimento Humano,Dados baseados em fontes oficiais: Atlas Brasil (PNUD) + IBGE
2022,RS,Rio Grande do Sul,Sul,0.748,0.644,0.841,0.759,11466630,Atlas Brasil - PNUD (interpolado),IBGE - Censo 2022 + Projeções,Interpolação linear baseada em dados oficiais 2021,2025-05-30 15:04:25,Desenvolvimento Humano,Dados baseados em fontes oficiais: Atlas Brasil (PNUD) + IBGE
2022,SC,Santa Catarina,Sul,0.776,0.699,0.861,0.767,7338473,Atlas Brasil - PNUD (interpolado),IBGE - Censo 2022 + Projeções,Interpolação linear baseada em dados oficiais 2021,2025-05-30 15:04:25,Desenvolvimento Humano,Dados baseados em fontes oficiais: Atlas Brasil (PNUD) + IBGE
2022,SE,Sergipe,Nordeste,0.667,0.562,0.782,0.661,2338474,Atlas Brasil - PNUD (interpolado),IBGE - Censo 2022 + Projeções,Interpolação linear baseada em dados oficiais 2021,2025-05-30 15:04:25,Desenvolvimento Humano,Dados baseados em fontes oficiais: Atlas Brasil (PNUD) + IBGE
2022,SP,São Paulo,Sudeste,0.785,0.703,0.846,0.805,46649132,Atlas Brasil - PNUD (interpolado),IBGE - Censo 2022 + Projeções,Interpolação linear baseada em dados oficiais 2021,2025-05-30 15:04:25,Desenvolvimento Humano,Dados baseados em fontes oficiais: Atlas Brasil (PNUD) + IBGE
2022,TO,Tocantins,Norte,0.701,0.626,0.794,0.683,1607363,Atlas Brasil - PNUD (interpolado),IBGE - Censo 2022 + Projeções,Interpolação linear baseada em dados oficiais 2021,2025-05-30 15:04:25,Desenvolvimento Humano,Dados baseados em fontes oficiais: Atlas Brasil (PNUD) + IBGE
2023,AC,Acre,Norte,0.667,0.562,0.779,0.676,914131,Atlas Brasil - PNUD (interpolado),IBGE - Censo 2022 + Projeções,Interpolação linear baseada em dados oficiais 2021,2025-05-30 15:04:25,Desenvolvimento Humano,Dados baseados em fontes oficiais: Atlas Brasil (PNUD) + IBGE
2023,AL,Alagoas,Nordeste,0.635,0.523,0.725,0.646,3392273,Atlas Brasil - PNUD (interpolado),IBGE - Censo 2022 + Projeções,Interpolação linear baseada em dados oficiais 2021,2025-05-30 15:04:25,Desenvolvimento Humano,Dados baseados em fontes oficiais: Atlas Brasil (PNUD) + IBGE
2023,AM,Amazonas,Norte,0.678,0.564,0.796,0.682,4304154,Atlas Brasil - PNUD (interpolado),IBGE - Censo 2022 + Projeções,Interpolação linear baseada em dados oficiais 2021,2025-05-30 15:04:25,Desenvolvimento Humano,Dados baseados em fontes oficiais: Atlas Brasil (PNUD) + IBGE
2023,AP,Amapá,Norte,0.712,0.632,0.783,0.719,884633,Atlas Brasil - PNUD (interpolado),IBGE - Censo 2022 + Projeções,Interpolação linear baseada em dados oficiais 2021,2025-05-30 15:04:25,Desenvolvimento Humano,Dados baseados em fontes oficiais: Atlas Brasil (PNUD) + IBGE
2023,BA,Bahia,Nordeste,0.664,0.558,0.756,0.668,15105166,Atlas Brasil - PNUD (interpolado),IBGE - Censo 2022 + Projeções,Interpolação linear baseada em dados oficiais 2021,2025-05-30 15:04:25,Desenvolvimento Humano,Dados baseados em fontes oficiais: Atlas Brasil (PNUD) + IBGE
2023,CE,Ceará,Nordeste,0.686,0.618,0.756,0.683,9314504,Atlas Brasil - PNUD (interpolado),IBGE - Censo 2022 + Projeções,Interpolação linear baseada em dados oficiais 2021,2025-05-30 15:04:25,Desenvolvimento Humano,Dados baseados em fontes oficiais: Atlas Brasil (PNUD) + IBGE
2023,DF,Distrito Federal,Centro-Oeste,0.828,0.745,0.875,0.868,3119079,Atlas Brasil - PNUD (interpolado),IBGE - Censo 2022 + Projeções,Interpolação linear baseada em dados oficiais 2021,2025-05-30 15:04:25,Desenvolvimento Humano,Dados baseados em fontes oficiais: Atlas Brasil (PNUD) + IBGE
2023,ES,Espírito Santo,Sudeste,0.744,0.656,0.837,0.736,4141376,Atlas Brasil - PNUD (interpolado),IBGE - Censo 2022 + Projeções,Interpolação linear baseada em dados oficiais 2021,2025-05-30 15:04:25,Desenvolvimento Humano,Dados baseados em fontes oficiais: Atlas Brasil (PNUD) + IBGE
2023,GO,Goiás,Centro-Oeste,0.739,0.649,0.829,0.74,7264241,Atlas Brasil - PNUD (interpolado),IBGE - Censo 2022 + Projeções,Interpolação linear baseada em dados oficiais 2021,2025-05-30 15:04:25,Desenvolvimento Humano,Dados baseados em fontes oficiais: Atlas Brasil (PNUD) + IBGE
2023,MA,Maranhão,Nordeste,0.643,0.565,0.759,0.617,7210488,Atlas Brasil - PNUD (interpolado),IBGE - Censo 2022 + Projeções,Interpolação linear baseada em dados oficiais 2021,2025-05-30 15:04:25,Desenvolvimento Humano,Dados baseados em fontes oficiais: Atlas Brasil (PNUD) + IBGE
2023,MG,Minas Gerais,Sudeste,0.735,0.641,0.84,0.723,21583218,Atlas Brasil - PNUD (interpolado),IBGE - Censo 2022 + Projeções,Interpolação linear baseada em dados oficiais 2021,2025-05-30 15:04:25,Desenvolvimento Humano,Dados baseados em fontes oficiais: Atlas Brasil (PNUD) + IBGE
2023,MS,Mato Grosso do Sul,Centro-Oeste,0.733,0.632,0.828,0.737,2861901,Atlas Brasil - PNUD (interpolado),IBGE - Censo 2022 + Projeções,Interpolação linear baseada em dados oficiais 2021,2025-05-30 15:04:25,Desenvolvimento Humano,Dados baseados em fontes oficiais: Atlas Brasil (PNUD) + IBGE
2023,MT,Mato Grosso,Centro-Oeste,0.729,0.638,0.823,0.73,3595771,Atlas Brasil - PNUD (interpolado),IBGE - Censo 2022 + Projeções,Interpolação linear baseada em dados oficiais 2021,2025-05-30 15:04:25,Desenvolvimento Humano,Dados baseados em fontes oficiais: Atlas Brasil (PNUD) + IBGE
2023,PA,Pará,Norte,0.65,0.531,0.791,0.651,8847340,Atlas Brasil - PNUD (interpolado),IBGE - Censo 2022 + Projeções,Interpolação linear baseada em dados oficiais 2021,2025-05-30 15:04:25,Desenvolvimento Humano,Dados baseados em fontes oficiais: Atlas Brasil (PNUD) + IBGE
2023,PB,Paraíba,Nordeste,0.662,0.558,0.785,0.646,4092384,Atlas Brasil - PNUD (interpolado),IBGE - Censo 2022 + Projeções,Interpolação linear baseada em dados oficiais 2021,2025-05-30 15:04:25,Desenvolvimento Humano,Dados baseados em fontes oficiais: Atlas Brasil (PNUD) + IBGE
2023,PE,Pernambuco,Nordeste,0.677,0.583,0.791,0.662,9752191,Atlas Brasil - PNUD (interpolado),IBGE - Censo 2022 + Projeções,Interpolação linear baseada em dados oficiais 2021,2025-05-30 15:04:25,Desenvolvimento Humano,Dados baseados em fontes oficiais: Atlas Brasil (PNUD) + IBGE
2023,PI,Piauí,Nordeste,0.65,0.55,0.779,0.623,3315604,Atlas Brasil - PNUD (interpolado),IBGE - Censo 2022 + Projeções,Interpolação linear baseada em dados oficiais 2021,2025-05-30 15:04:25,Desenvolvimento Humano,Dados baseados em fontes oficiais: Atlas Brasil (PNUD) + IBGE
2023,PR,Paraná,Sul,0.753,0.671,0.832,0.755,11690263,Atlas Brasil - PNUD (interpolado),IBGE - Censo 2022 + Projeções,Interpolação linear baseada em dados oficiais 2021,2025-05-30 15:04:25,Desenvolvimento Humano,Dados baseados em fontes oficiais: Atlas Brasil (PNUD) + IBGE
2023,RJ,Rio de Janeiro,Sudeste,0.765,0.678,0.837,0.778,17603055,Atlas Brasil - PNUD (interpolado),IBGE - Censo 2022 + Projeções,Interpolação linear baseada em dados oficiais 2021,2025-05-30 15:04:25,Desenvolvimento Humano,Dados baseados em fontes oficiais: Atlas Brasil (PNUD) + IBGE
2023,RN,Rio Grande do Norte,Nordeste,0.688,0.6,0.794,0.669,3589390,Atlas Brasil - PNUD (interpolado),IBGE - Censo 2022 + Projeções,Interpolação linear baseada em dados oficiais 2021,2025-05-30 15:04:25,Desenvolvimento Humano,Dados baseados em fontes oficiais: Atlas Brasil (PNUD) + IBGE
2023,RO,Rondônia,Norte,0.694,0.58,0.802,0.698,1829800,Atlas Brasil - PNUD (interpolado),IBGE - Censo 2022 + Projeções,Interpolação linear baseada em dados oficiais 2021,2025-05-30 15:04:25,Desenvolvimento Humano,Dados baseados em fontes oficiais: Atlas Brasil (PNUD) + IBGE
2023,RR,Roraima,Norte,0.711,0.667,0.779,0.689,657934,Atlas Brasil - PNUD (interpolado),IBGE - Censo 2022 + Projeções,Interpolação linear baseada em dados oficiais 2021,2025-05-30 15:04:25,Desenvolvimento Humano,Dados baseados em fontes oficiais: Atlas Brasil (PNUD) + IBGE
2023,RS,Rio Grande do Sul,Sul,0.75,0.645,0.842,0.762,11558363,Atlas Brasil - PNUD (interpolado),IBGE - Censo 2022 + Projeções,Interpolação linear baseada em dados oficiais 2021,2025-05-30 15:04:25,Desenvolvimento Humano,Dados baseados em fontes oficiais: Atlas Brasil (PNUD) + IBGE
2023,SC,Santa Catarina,Sul,0.778,0.7,0.862,0.77,7397180,Atlas Brasil - PNUD (interpolado),IBGE - Censo 2022 + Projeções,Interpolação linear baseada em dados oficiais 2021,2025-05-30 15:04:25,Desenvolvimento Humano,Dados baseados em fontes oficiais: Atlas Brasil (PNUD) + IBGE
2023,SE,Sergipe,Nordeste,0.669,0.563,0.783,0.664,2357181,Atlas Brasil - PNUD (interpolado),IBGE - Censo 2022 + Projeções,Interpolação linear baseada em dados oficiais 2021,2025-05-30 15:04:25,Desenvolvimento Humano,Dados baseados em fontes oficiais: Atlas Brasil (PNUD) + IBGE
2023,SP,São Paulo,Sudeste,0.787,0.704,0.847,0.808,47022325,Atlas Brasil - PNUD (interpolado),IBGE - Censo 2022 + Projeções,Interpolação linear baseada em dados oficiais 2021,2025-05-30 15:04:25,Desenvolvimento Humano,Dados baseados em fontes oficiais: Atlas Brasil (PNUD) + IBGE
2023,TO,Tocantins,Norte,0.703,0.627,0.795,0.686,1620221,Atlas Brasil - PNUD (interpolado),IBGE - Censo 2022 + Projeções,Interpolação linear baseada em dados oficiais 2021,2025-05-30 15:04:25,Desenvolvimento Humano,Dados baseados em fontes oficiais: Atlas Brasil (PNUD) + IBGE
