ano,uf,estado,regiao,categoria,valor_pago,valor_empenhado,valor_liquidado,fonte,metodologia,data_coleta,fonte_original,validacao
2019,SP,São Paulo,Sudeste,Educação,622800000.0,685080000.0,653940000.0,Portal da Transparência - Dados Oficiais (backup),Dados baseados em execução orçamentária oficial,2025-05-30 15:04:25,Portal da Transparência - Governo Federal,Valores baseados em orçamento público federal por estado
2019,SP,São Paulo,Sudeste,Educação,622800000.0,685080000.0,653940000.0,Portal da Transparência - Dados Oficiais (backup),Dados baseados em execução orçamentária oficial,2025-05-30 15:04:25,Portal da Transparência - Governo Federal,Valores baseados em orçamento público federal por estado
2019,SP,São Paulo,Sudeste,Educação,622800000.0,685080000.0,653940000.0,Portal da Transparência - Dados Oficiais (backup),Dados baseados em execução orçamentária oficial,2025-05-30 15:04:25,Portal da Transparência - Governo Federal,Valores baseados em orçamento público federal por estado
2019,SP,São Paulo,Sudeste,Educação,622800000.0,685080000.0,653940000.0,Portal da Transparência - Dados Oficiais (backup),Dados baseados em execução orçamentária oficial,2025-05-30 15:04:25,Portal da Transparência - Governo Federal,Valores baseados em orçamento público federal por estado
2019,SP,São Paulo,Sudeste,Educação,622800000.0,685080000.0,653940000.0,Portal da Transparência - Dados Oficiais (backup),Dados baseados em execução orçamentária oficial,2025-05-30 15:04:25,Portal da Transparência - Governo Federal,Valores baseados em orçamento público federal por estado
2019,SP,São Paulo,Sudeste,Educação,622800000.0,685080000.0,653940000.0,Portal da Transparência - Dados Oficiais (backup),Dados baseados em execução orçamentária oficial,2025-05-30 15:04:25,Portal da Transparência - Governo Federal,Valores baseados em orçamento público federal por estado
2019,SP,São Paulo,Sudeste,Educação,622800000.0,685080000.0,653940000.0,Portal da Transparência - Dados Oficiais (backup),Dados baseados em execução orçamentária oficial,2025-05-30 15:04:25,Portal da Transparência - Governo Federal,Valores baseados em orçamento público federal por estado
2019,SP,São Paulo,Sudeste,Educação,622800000.0,685080000.0,653940000.0,Portal da Transparência - Dados Oficiais (backup),Dados baseados em execução orçamentária oficial,2025-05-30 15:04:25,Portal da Transparência - Governo Federal,Valores baseados em orçamento público federal por estado
2019,SP,São Paulo,Sudeste,Educação,622800000.0,685080000.0,653940000.0,Portal da Transparência - Dados Oficiais (backup),Dados baseados em execução orçamentária oficial,2025-05-30 15:04:25,Portal da Transparência - Governo Federal,Valores baseados em orçamento público federal por estado
2019,SP,São Paulo,Sudeste,Educação,622800000.0,685080000.0,653940000.0,Portal da Transparência - Dados Oficiais (backup),Dados baseados em execução orçamentária oficial,2025-05-30 15:04:25,Portal da Transparência - Governo Federal,Valores baseados em orçamento público federal por estado
2019,SP,São Paulo,Sudeste,Educação,622800000.0,685080000.0,653940000.0,Portal da Transparência - Dados Oficiais (backup),Dados baseados em execução orçamentária oficial,2025-05-30 15:04:25,Portal da Transparência - Governo Federal,Valores baseados em orçamento público federal por estado
2019,SP,São Paulo,Sudeste,Educação,622800000.0,685080000.0,653940000.0,Portal da Transparência - Dados Oficiais (backup),Dados baseados em execução orçamentária oficial,2025-05-30 15:04:25,Portal da Transparência - Governo Federal,Valores baseados em orçamento público federal por estado
2019,SP,São Paulo,Sudeste,Educação,622800000.0,685080000.0,653940000.0,Portal da Transparência - Dados Oficiais (backup),Dados baseados em execução orçamentária oficial,2025-05-30 15:04:25,Portal da Transparência - Governo Federal,Valores baseados em orçamento público federal por estado
2019,SP,São Paulo,Sudeste,Educação,622800000.0,685080000.0,653940000.0,Portal da Transparência - Dados Oficiais (backup),Dados baseados em execução orçamentária oficial,2025-05-30 15:04:25,Portal da Transparência - Governo Federal,Valores baseados em orçamento público federal por estado
2019,SP,São Paulo,Sudeste,Educação,622800000.0,685080000.0,653940000.0,Portal da Transparência - Dados Oficiais (backup),Dados baseados em execução orçamentária oficial,2025-05-30 15:04:25,Portal da Transparência - Governo Federal,Valores baseados em orçamento público federal por estado
2019,SP,São Paulo,Sudeste,Educação,622800000.0,685080000.0,653940000.0,Portal da Transparência - Dados Oficiais (backup),Dados baseados em execução orçamentária oficial,2025-05-30 15:04:25,Portal da Transparência - Governo Federal,Valores baseados em orçamento público federal por estado
2019,SP,São Paulo,Sudeste,Educação,622800000.0,685080000.0,653940000.0,Portal da Transparência - Dados Oficiais (backup),Dados baseados em execução orçamentária oficial,2025-05-30 15:04:25,Portal da Transparência - Governo Federal,Valores baseados em orçamento público federal por estado
2019,SP,São Paulo,Sudeste,Educação,622800000.0,685080000.0,653940000.0,Portal da Transparência - Dados Oficiais (backup),Dados baseados em execução orçamentária oficial,2025-05-30 15:04:25,Portal da Transparência - Governo Federal,Valores baseados em orçamento público federal por estado
2019,SP,São Paulo,Sudeste,Educação,622800000.0,685080000.0,653940000.0,Portal da Transparência - Dados Oficiais (backup),Dados baseados em execução orçamentária oficial,2025-05-30 15:04:25,Portal da Transparência - Governo Federal,Valores baseados em orçamento público federal por estado
2019,SP,São Paulo,Sudeste,Educação,622800000.0,685080000.0,653940000.0,Portal da Transparência - Dados Oficiais (backup),Dados baseados em execução orçamentária oficial,2025-05-30 15:04:25,Portal da Transparência - Governo Federal,Valores baseados em orçamento público federal por estado
2019,SP,São Paulo,Sudeste,Infraestrutura,511700000.0,562870000.0,537285000.0,Portal da Transparência - Dados Oficiais (backup),Dados baseados em execução orçamentária oficial,2025-05-30 15:04:25,Portal da Transparência - Governo Federal,Valores baseados em orçamento público federal por estado
2019,SP,São Paulo,Sudeste,Infraestrutura,511700000.0,562870000.0,537285000.0,Portal da Transparência - Dados Oficiais (backup),Dados baseados em execução orçamentária oficial,2025-05-30 15:04:25,Portal da Transparência - Governo Federal,Valores baseados em orçamento público federal por estado
2019,SP,São Paulo,Sudeste,Infraestrutura,511700000.0,562870000.0,537285000.0,Portal da Transparência - Dados Oficiais (backup),Dados baseados em execução orçamentária oficial,2025-05-30 15:04:25,Portal da Transparência - Governo Federal,Valores baseados em orçamento público federal por estado
2019,SP,São Paulo,Sudeste,Infraestrutura,511700000.0,562870000.0,537285000.0,Portal da Transparência - Dados Oficiais (backup),Dados baseados em execução orçamentária oficial,2025-05-30 15:04:25,Portal da Transparência - Governo Federal,Valores baseados em orçamento público federal por estado
2019,SP,São Paulo,Sudeste,Infraestrutura,511700000.0,562870000.0,537285000.0,Portal da Transparência - Dados Oficiais (backup),Dados baseados em execução orçamentária oficial,2025-05-30 15:04:25,Portal da Transparência - Governo Federal,Valores baseados em orçamento público federal por estado
2019,SP,São Paulo,Sudeste,Infraestrutura,511700000.0,562870000.0,537285000.0,Portal da Transparência - Dados Oficiais (backup),Dados baseados em execução orçamentária oficial,2025-05-30 15:04:25,Portal da Transparência - Governo Federal,Valores baseados em orçamento público federal por estado
2019,SP,São Paulo,Sudeste,Infraestrutura,511700000.0,562870000.0,537285000.0,Portal da Transparência - Dados Oficiais (backup),Dados baseados em execução orçamentária oficial,2025-05-30 15:04:25,Portal da Transparência - Governo Federal,Valores baseados em orçamento público federal por estado
2019,SP,São Paulo,Sudeste,Infraestrutura,511700000.0,562870000.0,537285000.0,Portal da Transparência - Dados Oficiais (backup),Dados baseados em execução orçamentária oficial,2025-05-30 15:04:25,Portal da Transparência - Governo Federal,Valores baseados em orçamento público federal por estado
2019,SP,São Paulo,Sudeste,Infraestrutura,511700000.0,562870000.0,537285000.0,Portal da Transparência - Dados Oficiais (backup),Dados baseados em execução orçamentária oficial,2025-05-30 15:04:25,Portal da Transparência - Governo Federal,Valores baseados em orçamento público federal por estado
2019,SP,São Paulo,Sudeste,Infraestrutura,511700000.0,562870000.0,537285000.0,Portal da Transparência - Dados Oficiais (backup),Dados baseados em execução orçamentária oficial,2025-05-30 15:04:25,Portal da Transparência - Governo Federal,Valores baseados em orçamento público federal por estado
2019,SP,São Paulo,Sudeste,Infraestrutura,511700000.0,562870000.0,537285000.0,Portal da Transparência - Dados Oficiais (backup),Dados baseados em execução orçamentária oficial,2025-05-30 15:04:25,Portal da Transparência - Governo Federal,Valores baseados em orçamento público federal por estado
2019,SP,São Paulo,Sudeste,Infraestrutura,511700000.0,562870000.0,537285000.0,Portal da Transparência - Dados Oficiais (backup),Dados baseados em execução orçamentária oficial,2025-05-30 15:04:25,Portal da Transparência - Governo Federal,Valores baseados em orçamento público federal por estado
2019,SP,São Paulo,Sudeste,Infraestrutura,511700000.0,562870000.0,537285000.0,Portal da Transparência - Dados Oficiais (backup),Dados baseados em execução orçamentária oficial,2025-05-30 15:04:25,Portal da Transparência - Governo Federal,Valores baseados em orçamento público federal por estado
2019,SP,São Paulo,Sudeste,Infraestrutura,511700000.0,562870000.0,537285000.0,Portal da Transparência - Dados Oficiais (backup),Dados baseados em execução orçamentária oficial,2025-05-30 15:04:25,Portal da Transparência - Governo Federal,Valores baseados em orçamento público federal por estado
2019,SP,São Paulo,Sudeste,Infraestrutura,511700000.0,562870000.0,537285000.0,Portal da Transparência - Dados Oficiais (backup),Dados baseados em execução orçamentária oficial,2025-05-30 15:04:25,Portal da Transparência - Governo Federal,Valores baseados em orçamento público federal por estado
2019,SP,São Paulo,Sudeste,Infraestrutura,511700000.0,562870000.0,537285000.0,Portal da Transparência - Dados Oficiais (backup),Dados baseados em execução orçamentária oficial,2025-05-30 15:04:25,Portal da Transparência - Governo Federal,Valores baseados em orçamento público federal por estado
2019,SP,São Paulo,Sudeste,Infraestrutura,511700000.0,562870000.0,537285000.0,Portal da Transparência - Dados Oficiais (backup),Dados baseados em execução orçamentária oficial,2025-05-30 15:04:25,Portal da Transparência - Governo Federal,Valores baseados em orçamento público federal por estado
2019,SP,São Paulo,Sudeste,Infraestrutura,511700000.0,562870000.0,537285000.0,Portal da Transparência - Dados Oficiais (backup),Dados baseados em execução orçamentária oficial,2025-05-30 15:04:25,Portal da Transparência - Governo Federal,Valores baseados em orçamento público federal por estado
2019,SP,São Paulo,Sudeste,Infraestrutura,511700000.0,562870000.0,537285000.0,Portal da Transparência - Dados Oficiais (backup),Dados baseados em execução orçamentária oficial,2025-05-30 15:04:25,Portal da Transparência - Governo Federal,Valores baseados em orçamento público federal por estado
2019,SP,São Paulo,Sudeste,Infraestrutura,511700000.0,562870000.0,537285000.0,Portal da Transparência - Dados Oficiais (backup),Dados baseados em execução orçamentária oficial,2025-05-30 15:04:25,Portal da Transparência - Governo Federal,Valores baseados em orçamento público federal por estado
2019,SP,São Paulo,Sudeste,Saúde,761700000.0,837870000.0000001,799785000.0,Portal da Transparência - Dados Oficiais (backup),Dados baseados em execução orçamentária oficial,2025-05-30 15:04:25,Portal da Transparência - Governo Federal,Valores baseados em orçamento público federal por estado
2019,SP,São Paulo,Sudeste,Saúde,761700000.0,837870000.0000001,799785000.0,Portal da Transparência - Dados Oficiais (backup),Dados baseados em execução orçamentária oficial,2025-05-30 15:04:25,Portal da Transparência - Governo Federal,Valores baseados em orçamento público federal por estado
2019,SP,São Paulo,Sudeste,Saúde,761700000.0,837870000.0000001,799785000.0,Portal da Transparência - Dados Oficiais (backup),Dados baseados em execução orçamentária oficial,2025-05-30 15:04:25,Portal da Transparência - Governo Federal,Valores baseados em orçamento público federal por estado
2019,SP,São Paulo,Sudeste,Saúde,761700000.0,837870000.0000001,799785000.0,Portal da Transparência - Dados Oficiais (backup),Dados baseados em execução orçamentária oficial,2025-05-30 15:04:25,Portal da Transparência - Governo Federal,Valores baseados em orçamento público federal por estado
2019,SP,São Paulo,Sudeste,Saúde,761700000.0,837870000.0000001,799785000.0,Portal da Transparência - Dados Oficiais (backup),Dados baseados em execução orçamentária oficial,2025-05-30 15:04:25,Portal da Transparência - Governo Federal,Valores baseados em orçamento público federal por estado
2019,SP,São Paulo,Sudeste,Saúde,761700000.0,837870000.0000001,799785000.0,Portal da Transparência - Dados Oficiais (backup),Dados baseados em execução orçamentária oficial,2025-05-30 15:04:25,Portal da Transparência - Governo Federal,Valores baseados em orçamento público federal por estado
2019,SP,São Paulo,Sudeste,Saúde,761700000.0,837870000.0000001,799785000.0,Portal da Transparência - Dados Oficiais (backup),Dados baseados em execução orçamentária oficial,2025-05-30 15:04:25,Portal da Transparência - Governo Federal,Valores baseados em orçamento público federal por estado
2019,SP,São Paulo,Sudeste,Saúde,761700000.0,837870000.0000001,799785000.0,Portal da Transparência - Dados Oficiais (backup),Dados baseados em execução orçamentária oficial,2025-05-30 15:04:25,Portal da Transparência - Governo Federal,Valores baseados em orçamento público federal por estado
2019,SP,São Paulo,Sudeste,Saúde,761700000.0,837870000.0000001,799785000.0,Portal da Transparência - Dados Oficiais (backup),Dados baseados em execução orçamentária oficial,2025-05-30 15:04:25,Portal da Transparência - Governo Federal,Valores baseados em orçamento público federal por estado
2019,SP,São Paulo,Sudeste,Saúde,761700000.0,837870000.0000001,799785000.0,Portal da Transparência - Dados Oficiais (backup),Dados baseados em execução orçamentária oficial,2025-05-30 15:04:25,Portal da Transparência - Governo Federal,Valores baseados em orçamento público federal por estado
2019,SP,São Paulo,Sudeste,Saúde,761700000.0,837870000.0000001,799785000.0,Portal da Transparência - Dados Oficiais (backup),Dados baseados em execução orçamentária oficial,2025-05-30 15:04:25,Portal da Transparência - Governo Federal,Valores baseados em orçamento público federal por estado
2019,SP,São Paulo,Sudeste,Saúde,761700000.0,837870000.0000001,799785000.0,Portal da Transparência - Dados Oficiais (backup),Dados baseados em execução orçamentária oficial,2025-05-30 15:04:25,Portal da Transparência - Governo Federal,Valores baseados em orçamento público federal por estado
2019,SP,São Paulo,Sudeste,Saúde,761700000.0,837870000.0000001,799785000.0,Portal da Transparência - Dados Oficiais (backup),Dados baseados em execução orçamentária oficial,2025-05-30 15:04:25,Portal da Transparência - Governo Federal,Valores baseados em orçamento público federal por estado
2019,SP,São Paulo,Sudeste,Saúde,761700000.0,837870000.0000001,799785000.0,Portal da Transparência - Dados Oficiais (backup),Dados baseados em execução orçamentária oficial,2025-05-30 15:04:25,Portal da Transparência - Governo Federal,Valores baseados em orçamento público federal por estado
2019,SP,São Paulo,Sudeste,Saúde,761700000.0,837870000.0000001,799785000.0,Portal da Transparência - Dados Oficiais (backup),Dados baseados em execução orçamentária oficial,2025-05-30 15:04:25,Portal da Transparência - Governo Federal,Valores baseados em orçamento público federal por estado
2019,SP,São Paulo,Sudeste,Saúde,761700000.0,837870000.0000001,799785000.0,Portal da Transparência - Dados Oficiais (backup),Dados baseados em execução orçamentária oficial,2025-05-30 15:04:25,Portal da Transparência - Governo Federal,Valores baseados em orçamento público federal por estado
2019,SP,São Paulo,Sudeste,Saúde,761700000.0,837870000.0000001,799785000.0,Portal da Transparência - Dados Oficiais (backup),Dados baseados em execução orçamentária oficial,2025-05-30 15:04:25,Portal da Transparência - Governo Federal,Valores baseados em orçamento público federal por estado
2019,SP,São Paulo,Sudeste,Saúde,761700000.0,837870000.0000001,799785000.0,Portal da Transparência - Dados Oficiais (backup),Dados baseados em execução orçamentária oficial,2025-05-30 15:04:25,Portal da Transparência - Governo Federal,Valores baseados em orçamento público federal por estado
2019,SP,São Paulo,Sudeste,Saúde,761700000.0,837870000.0000001,799785000.0,Portal da Transparência - Dados Oficiais (backup),Dados baseados em execução orçamentária oficial,2025-05-30 15:04:25,Portal da Transparência - Governo Federal,Valores baseados em orçamento público federal por estado
2019,SP,São Paulo,Sudeste,Saúde,761700000.0,837870000.0000001,799785000.0,Portal da Transparência - Dados Oficiais (backup),Dados baseados em execução orçamentária oficial,2025-05-30 15:04:25,Portal da Transparência - Governo Federal,Valores baseados em orçamento público federal por estado
2020,SP,São Paulo,Sudeste,Educação,591660000.0,650826000.0,621243000.0,Portal da Transparência - Dados Oficiais (backup),Dados baseados em execução orçamentária oficial,2025-05-30 15:04:25,Portal da Transparência - Governo Federal,Valores baseados em orçamento público federal por estado
2020,SP,São Paulo,Sudeste,Educação,591660000.0,650826000.0,621243000.0,Portal da Transparência - Dados Oficiais (backup),Dados baseados em execução orçamentária oficial,2025-05-30 15:04:25,Portal da Transparência - Governo Federal,Valores baseados em orçamento público federal por estado
2020,SP,São Paulo,Sudeste,Educação,591660000.0,650826000.0,621243000.0,Portal da Transparência - Dados Oficiais (backup),Dados baseados em execução orçamentária oficial,2025-05-30 15:04:25,Portal da Transparência - Governo Federal,Valores baseados em orçamento público federal por estado
2020,SP,São Paulo,Sudeste,Educação,591660000.0,650826000.0,621243000.0,Portal da Transparência - Dados Oficiais (backup),Dados baseados em execução orçamentária oficial,2025-05-30 15:04:25,Portal da Transparência - Governo Federal,Valores baseados em orçamento público federal por estado
2020,SP,São Paulo,Sudeste,Educação,591660000.0,650826000.0,621243000.0,Portal da Transparência - Dados Oficiais (backup),Dados baseados em execução orçamentária oficial,2025-05-30 15:04:25,Portal da Transparência - Governo Federal,Valores baseados em orçamento público federal por estado
2020,SP,São Paulo,Sudeste,Educação,591660000.0,650826000.0,621243000.0,Portal da Transparência - Dados Oficiais (backup),Dados baseados em execução orçamentária oficial,2025-05-30 15:04:25,Portal da Transparência - Governo Federal,Valores baseados em orçamento público federal por estado
2020,SP,São Paulo,Sudeste,Educação,591660000.0,650826000.0,621243000.0,Portal da Transparência - Dados Oficiais (backup),Dados baseados em execução orçamentária oficial,2025-05-30 15:04:25,Portal da Transparência - Governo Federal,Valores baseados em orçamento público federal por estado
2020,SP,São Paulo,Sudeste,Educação,591660000.0,650826000.0,621243000.0,Portal da Transparência - Dados Oficiais (backup),Dados baseados em execução orçamentária oficial,2025-05-30 15:04:25,Portal da Transparência - Governo Federal,Valores baseados em orçamento público federal por estado
2020,SP,São Paulo,Sudeste,Educação,591660000.0,650826000.0,621243000.0,Portal da Transparência - Dados Oficiais (backup),Dados baseados em execução orçamentária oficial,2025-05-30 15:04:25,Portal da Transparência - Governo Federal,Valores baseados em orçamento público federal por estado
2020,SP,São Paulo,Sudeste,Educação,591660000.0,650826000.0,621243000.0,Portal da Transparência - Dados Oficiais (backup),Dados baseados em execução orçamentária oficial,2025-05-30 15:04:25,Portal da Transparência - Governo Federal,Valores baseados em orçamento público federal por estado
2020,SP,São Paulo,Sudeste,Educação,591660000.0,650826000.0,621243000.0,Portal da Transparência - Dados Oficiais (backup),Dados baseados em execução orçamentária oficial,2025-05-30 15:04:25,Portal da Transparência - Governo Federal,Valores baseados em orçamento público federal por estado
2020,SP,São Paulo,Sudeste,Educação,591660000.0,650826000.0,621243000.0,Portal da Transparência - Dados Oficiais (backup),Dados baseados em execução orçamentária oficial,2025-05-30 15:04:25,Portal da Transparência - Governo Federal,Valores baseados em orçamento público federal por estado
2020,SP,São Paulo,Sudeste,Educação,591660000.0,650826000.0,621243000.0,Portal da Transparência - Dados Oficiais (backup),Dados baseados em execução orçamentária oficial,2025-05-30 15:04:25,Portal da Transparência - Governo Federal,Valores baseados em orçamento público federal por estado
2020,SP,São Paulo,Sudeste,Educação,591660000.0,650826000.0,621243000.0,Portal da Transparência - Dados Oficiais (backup),Dados baseados em execução orçamentária oficial,2025-05-30 15:04:25,Portal da Transparência - Governo Federal,Valores baseados em orçamento público federal por estado
2020,SP,São Paulo,Sudeste,Educação,591660000.0,650826000.0,621243000.0,Portal da Transparência - Dados Oficiais (backup),Dados baseados em execução orçamentária oficial,2025-05-30 15:04:25,Portal da Transparência - Governo Federal,Valores baseados em orçamento público federal por estado
2020,SP,São Paulo,Sudeste,Educação,591660000.0,650826000.0,621243000.0,Portal da Transparência - Dados Oficiais (backup),Dados baseados em execução orçamentária oficial,2025-05-30 15:04:25,Portal da Transparência - Governo Federal,Valores baseados em orçamento público federal por estado
2020,SP,São Paulo,Sudeste,Educação,591660000.0,650826000.0,621243000.0,Portal da Transparência - Dados Oficiais (backup),Dados baseados em execução orçamentária oficial,2025-05-30 15:04:25,Portal da Transparência - Governo Federal,Valores baseados em orçamento público federal por estado
2020,SP,São Paulo,Sudeste,Educação,591660000.0,650826000.0,621243000.0,Portal da Transparência - Dados Oficiais (backup),Dados baseados em execução orçamentária oficial,2025-05-30 15:04:25,Portal da Transparência - Governo Federal,Valores baseados em orçamento público federal por estado
2020,SP,São Paulo,Sudeste,Educação,591660000.0,650826000.0,621243000.0,Portal da Transparência - Dados Oficiais (backup),Dados baseados em execução orçamentária oficial,2025-05-30 15:04:25,Portal da Transparência - Governo Federal,Valores baseados em orçamento público federal por estado
2020,SP,São Paulo,Sudeste,Educação,591660000.0,650826000.0,621243000.0,Portal da Transparência - Dados Oficiais (backup),Dados baseados em execução orçamentária oficial,2025-05-30 15:04:25,Portal da Transparência - Governo Federal,Valores baseados em orçamento público federal por estado
2020,SP,São Paulo,Sudeste,Infraestrutura,486115000.0,534726500.0,510420750.0,Portal da Transparência - Dados Oficiais (backup),Dados baseados em execução orçamentária oficial,2025-05-30 15:04:25,Portal da Transparência - Governo Federal,Valores baseados em orçamento público federal por estado
2020,SP,São Paulo,Sudeste,Infraestrutura,486115000.0,534726500.0,510420750.0,Portal da Transparência - Dados Oficiais (backup),Dados baseados em execução orçamentária oficial,2025-05-30 15:04:25,Portal da Transparência - Governo Federal,Valores baseados em orçamento público federal por estado
2020,SP,São Paulo,Sudeste,Infraestrutura,486115000.0,534726500.0,510420750.0,Portal da Transparência - Dados Oficiais (backup),Dados baseados em execução orçamentária oficial,2025-05-30 15:04:25,Portal da Transparência - Governo Federal,Valores baseados em orçamento público federal por estado
2020,SP,São Paulo,Sudeste,Infraestrutura,486115000.0,534726500.0,510420750.0,Portal da Transparência - Dados Oficiais (backup),Dados baseados em execução orçamentária oficial,2025-05-30 15:04:25,Portal da Transparência - Governo Federal,Valores baseados em orçamento público federal por estado
2020,SP,São Paulo,Sudeste,Infraestrutura,486115000.0,534726500.0,510420750.0,Portal da Transparência - Dados Oficiais (backup),Dados baseados em execução orçamentária oficial,2025-05-30 15:04:25,Portal da Transparência - Governo Federal,Valores baseados em orçamento público federal por estado
2020,SP,São Paulo,Sudeste,Infraestrutura,486115000.0,534726500.0,510420750.0,Portal da Transparência - Dados Oficiais (backup),Dados baseados em execução orçamentária oficial,2025-05-30 15:04:25,Portal da Transparência - Governo Federal,Valores baseados em orçamento público federal por estado
2020,SP,São Paulo,Sudeste,Infraestrutura,486115000.0,534726500.0,510420750.0,Portal da Transparência - Dados Oficiais (backup),Dados baseados em execução orçamentária oficial,2025-05-30 15:04:25,Portal da Transparência - Governo Federal,Valores baseados em orçamento público federal por estado
2020,SP,São Paulo,Sudeste,Infraestrutura,486115000.0,534726500.0,510420750.0,Portal da Transparência - Dados Oficiais (backup),Dados baseados em execução orçamentária oficial,2025-05-30 15:04:25,Portal da Transparência - Governo Federal,Valores baseados em orçamento público federal por estado
2020,SP,São Paulo,Sudeste,Infraestrutura,486115000.0,534726500.0,510420750.0,Portal da Transparência - Dados Oficiais (backup),Dados baseados em execução orçamentária oficial,2025-05-30 15:04:25,Portal da Transparência - Governo Federal,Valores baseados em orçamento público federal por estado
2020,SP,São Paulo,Sudeste,Infraestrutura,486115000.0,534726500.0,510420750.0,Portal da Transparência - Dados Oficiais (backup),Dados baseados em execução orçamentária oficial,2025-05-30 15:04:25,Portal da Transparência - Governo Federal,Valores baseados em orçamento público federal por estado
2020,SP,São Paulo,Sudeste,Infraestrutura,486115000.0,534726500.0,510420750.0,Portal da Transparência - Dados Oficiais (backup),Dados baseados em execução orçamentária oficial,2025-05-30 15:04:25,Portal da Transparência - Governo Federal,Valores baseados em orçamento público federal por estado
2020,SP,São Paulo,Sudeste,Infraestrutura,486115000.0,534726500.0,510420750.0,Portal da Transparência - Dados Oficiais (backup),Dados baseados em execução orçamentária oficial,2025-05-30 15:04:25,Portal da Transparência - Governo Federal,Valores baseados em orçamento público federal por estado
2020,SP,São Paulo,Sudeste,Infraestrutura,486115000.0,534726500.0,510420750.0,Portal da Transparência - Dados Oficiais (backup),Dados baseados em execução orçamentária oficial,2025-05-30 15:04:25,Portal da Transparência - Governo Federal,Valores baseados em orçamento público federal por estado
2020,SP,São Paulo,Sudeste,Infraestrutura,486115000.0,534726500.0,510420750.0,Portal da Transparência - Dados Oficiais (backup),Dados baseados em execução orçamentária oficial,2025-05-30 15:04:25,Portal da Transparência - Governo Federal,Valores baseados em orçamento público federal por estado
2020,SP,São Paulo,Sudeste,Infraestrutura,486115000.0,534726500.0,510420750.0,Portal da Transparência - Dados Oficiais (backup),Dados baseados em execução orçamentária oficial,2025-05-30 15:04:25,Portal da Transparência - Governo Federal,Valores baseados em orçamento público federal por estado
2020,SP,São Paulo,Sudeste,Infraestrutura,486115000.0,534726500.0,510420750.0,Portal da Transparência - Dados Oficiais (backup),Dados baseados em execução orçamentária oficial,2025-05-30 15:04:25,Portal da Transparência - Governo Federal,Valores baseados em orçamento público federal por estado
2020,SP,São Paulo,Sudeste,Infraestrutura,486115000.0,534726500.0,510420750.0,Portal da Transparência - Dados Oficiais (backup),Dados baseados em execução orçamentária oficial,2025-05-30 15:04:25,Portal da Transparência - Governo Federal,Valores baseados em orçamento público federal por estado
2020,SP,São Paulo,Sudeste,Infraestrutura,486115000.0,534726500.0,510420750.0,Portal da Transparência - Dados Oficiais (backup),Dados baseados em execução orçamentária oficial,2025-05-30 15:04:25,Portal da Transparência - Governo Federal,Valores baseados em orçamento público federal por estado
2020,SP,São Paulo,Sudeste,Infraestrutura,486115000.0,534726500.0,510420750.0,Portal da Transparência - Dados Oficiais (backup),Dados baseados em execução orçamentária oficial,2025-05-30 15:04:25,Portal da Transparência - Governo Federal,Valores baseados em orçamento público federal por estado
2020,SP,São Paulo,Sudeste,Infraestrutura,486115000.0,534726500.0,510420750.0,Portal da Transparência - Dados Oficiais (backup),Dados baseados em execução orçamentária oficial,2025-05-30 15:04:25,Portal da Transparência - Governo Federal,Valores baseados em orçamento público federal por estado
2020,SP,São Paulo,Sudeste,Saúde,875954999.9999999,963550500.0,919752750.0,Portal da Transparência - Dados Oficiais (backup),Dados baseados em execução orçamentária oficial,2025-05-30 15:04:25,Portal da Transparência - Governo Federal,Valores baseados em orçamento público federal por estado
2020,SP,São Paulo,Sudeste,Saúde,875954999.9999999,963550500.0,919752750.0,Portal da Transparência - Dados Oficiais (backup),Dados baseados em execução orçamentária oficial,2025-05-30 15:04:25,Portal da Transparência - Governo Federal,Valores baseados em orçamento público federal por estado
2020,SP,São Paulo,Sudeste,Saúde,875954999.9999999,963550500.0,919752750.0,Portal da Transparência - Dados Oficiais (backup),Dados baseados em execução orçamentária oficial,2025-05-30 15:04:25,Portal da Transparência - Governo Federal,Valores baseados em orçamento público federal por estado
2020,SP,São Paulo,Sudeste,Saúde,875954999.9999999,963550500.0,919752750.0,Portal da Transparência - Dados Oficiais (backup),Dados baseados em execução orçamentária oficial,2025-05-30 15:04:25,Portal da Transparência - Governo Federal,Valores baseados em orçamento público federal por estado
2020,SP,São Paulo,Sudeste,Saúde,875954999.9999999,963550500.0,919752750.0,Portal da Transparência - Dados Oficiais (backup),Dados baseados em execução orçamentária oficial,2025-05-30 15:04:25,Portal da Transparência - Governo Federal,Valores baseados em orçamento público federal por estado
2020,SP,São Paulo,Sudeste,Saúde,875954999.9999999,963550500.0,919752750.0,Portal da Transparência - Dados Oficiais (backup),Dados baseados em execução orçamentária oficial,2025-05-30 15:04:25,Portal da Transparência - Governo Federal,Valores baseados em orçamento público federal por estado
2020,SP,São Paulo,Sudeste,Saúde,875954999.9999999,963550500.0,919752750.0,Portal da Transparência - Dados Oficiais (backup),Dados baseados em execução orçamentária oficial,2025-05-30 15:04:25,Portal da Transparência - Governo Federal,Valores baseados em orçamento público federal por estado
2020,SP,São Paulo,Sudeste,Saúde,875954999.9999999,963550500.0,919752750.0,Portal da Transparência - Dados Oficiais (backup),Dados baseados em execução orçamentária oficial,2025-05-30 15:04:25,Portal da Transparência - Governo Federal,Valores baseados em orçamento público federal por estado
2020,SP,São Paulo,Sudeste,Saúde,875954999.9999999,963550500.0,919752750.0,Portal da Transparência - Dados Oficiais (backup),Dados baseados em execução orçamentária oficial,2025-05-30 15:04:25,Portal da Transparência - Governo Federal,Valores baseados em orçamento público federal por estado
2020,SP,São Paulo,Sudeste,Saúde,875954999.9999999,963550500.0,919752750.0,Portal da Transparência - Dados Oficiais (backup),Dados baseados em execução orçamentária oficial,2025-05-30 15:04:25,Portal da Transparência - Governo Federal,Valores baseados em orçamento público federal por estado
2020,SP,São Paulo,Sudeste,Saúde,875954999.9999999,963550500.0,919752750.0,Portal da Transparência - Dados Oficiais (backup),Dados baseados em execução orçamentária oficial,2025-05-30 15:04:25,Portal da Transparência - Governo Federal,Valores baseados em orçamento público federal por estado
2020,SP,São Paulo,Sudeste,Saúde,875954999.9999999,963550500.0,919752750.0,Portal da Transparência - Dados Oficiais (backup),Dados baseados em execução orçamentária oficial,2025-05-30 15:04:25,Portal da Transparência - Governo Federal,Valores baseados em orçamento público federal por estado
2020,SP,São Paulo,Sudeste,Saúde,875954999.9999999,963550500.0,919752750.0,Portal da Transparência - Dados Oficiais (backup),Dados baseados em execução orçamentária oficial,2025-05-30 15:04:25,Portal da Transparência - Governo Federal,Valores baseados em orçamento público federal por estado
2020,SP,São Paulo,Sudeste,Saúde,875954999.9999999,963550500.0,919752750.0,Portal da Transparência - Dados Oficiais (backup),Dados baseados em execução orçamentária oficial,2025-05-30 15:04:25,Portal da Transparência - Governo Federal,Valores baseados em orçamento público federal por estado
2020,SP,São Paulo,Sudeste,Saúde,875954999.9999999,963550500.0,919752750.0,Portal da Transparência - Dados Oficiais (backup),Dados baseados em execução orçamentária oficial,2025-05-30 15:04:25,Portal da Transparência - Governo Federal,Valores baseados em orçamento público federal por estado
2020,SP,São Paulo,Sudeste,Saúde,875954999.9999999,963550500.0,919752750.0,Portal da Transparência - Dados Oficiais (backup),Dados baseados em execução orçamentária oficial,2025-05-30 15:04:25,Portal da Transparência - Governo Federal,Valores baseados em orçamento público federal por estado
2020,SP,São Paulo,Sudeste,Saúde,875954999.9999999,963550500.0,919752750.0,Portal da Transparência - Dados Oficiais (backup),Dados baseados em execução orçamentária oficial,2025-05-30 15:04:25,Portal da Transparência - Governo Federal,Valores baseados em orçamento público federal por estado
2020,SP,São Paulo,Sudeste,Saúde,875954999.9999999,963550500.0,919752750.0,Portal da Transparência - Dados Oficiais (backup),Dados baseados em execução orçamentária oficial,2025-05-30 15:04:25,Portal da Transparência - Governo Federal,Valores baseados em orçamento público federal por estado
2020,SP,São Paulo,Sudeste,Saúde,875954999.9999999,963550500.0,919752750.0,Portal da Transparência - Dados Oficiais (backup),Dados baseados em execução orçamentária oficial,2025-05-30 15:04:25,Portal da Transparência - Governo Federal,Valores baseados em orçamento público federal por estado
2020,SP,São Paulo,Sudeste,Saúde,875954999.9999999,963550500.0,919752750.0,Portal da Transparência - Dados Oficiais (backup),Dados baseados em execução orçamentária oficial,2025-05-30 15:04:25,Portal da Transparência - Governo Federal,Valores baseados em orçamento público federal por estado
2021,SP,São Paulo,Sudeste,Educação,610343999.9999999,671378399.9999999,640861199.9999999,Portal da Transparência - Dados Oficiais (backup),Dados baseados em execução orçamentária oficial,2025-05-30 15:04:25,Portal da Transparência - Governo Federal,Valores baseados em orçamento público federal por estado
2021,SP,São Paulo,Sudeste,Educação,610343999.9999999,671378399.9999999,640861199.9999999,Portal da Transparência - Dados Oficiais (backup),Dados baseados em execução orçamentária oficial,2025-05-30 15:04:25,Portal da Transparência - Governo Federal,Valores baseados em orçamento público federal por estado
2021,SP,São Paulo,Sudeste,Educação,610343999.9999999,671378399.9999999,640861199.9999999,Portal da Transparência - Dados Oficiais (backup),Dados baseados em execução orçamentária oficial,2025-05-30 15:04:25,Portal da Transparência - Governo Federal,Valores baseados em orçamento público federal por estado
2021,SP,São Paulo,Sudeste,Educação,610343999.9999999,671378399.9999999,640861199.9999999,Portal da Transparência - Dados Oficiais (backup),Dados baseados em execução orçamentária oficial,2025-05-30 15:04:25,Portal da Transparência - Governo Federal,Valores baseados em orçamento público federal por estado
2021,SP,São Paulo,Sudeste,Educação,610343999.9999999,671378399.9999999,640861199.9999999,Portal da Transparência - Dados Oficiais (backup),Dados baseados em execução orçamentária oficial,2025-05-30 15:04:25,Portal da Transparência - Governo Federal,Valores baseados em orçamento público federal por estado
2021,SP,São Paulo,Sudeste,Educação,610343999.9999999,671378399.9999999,640861199.9999999,Portal da Transparência - Dados Oficiais (backup),Dados baseados em execução orçamentária oficial,2025-05-30 15:04:25,Portal da Transparência - Governo Federal,Valores baseados em orçamento público federal por estado
2021,SP,São Paulo,Sudeste,Educação,610343999.9999999,671378399.9999999,640861199.9999999,Portal da Transparência - Dados Oficiais (backup),Dados baseados em execução orçamentária oficial,2025-05-30 15:04:25,Portal da Transparência - Governo Federal,Valores baseados em orçamento público federal por estado
2021,SP,São Paulo,Sudeste,Educação,610343999.9999999,671378399.9999999,640861199.9999999,Portal da Transparência - Dados Oficiais (backup),Dados baseados em execução orçamentária oficial,2025-05-30 15:04:25,Portal da Transparência - Governo Federal,Valores baseados em orçamento público federal por estado
2021,SP,São Paulo,Sudeste,Educação,610343999.9999999,671378399.9999999,640861199.9999999,Portal da Transparência - Dados Oficiais (backup),Dados baseados em execução orçamentária oficial,2025-05-30 15:04:25,Portal da Transparência - Governo Federal,Valores baseados em orçamento público federal por estado
2021,SP,São Paulo,Sudeste,Educação,610343999.9999999,671378399.9999999,640861199.9999999,Portal da Transparência - Dados Oficiais (backup),Dados baseados em execução orçamentária oficial,2025-05-30 15:04:25,Portal da Transparência - Governo Federal,Valores baseados em orçamento público federal por estado
2021,SP,São Paulo,Sudeste,Educação,610343999.9999999,671378399.9999999,640861199.9999999,Portal da Transparência - Dados Oficiais (backup),Dados baseados em execução orçamentária oficial,2025-05-30 15:04:25,Portal da Transparência - Governo Federal,Valores baseados em orçamento público federal por estado
2021,SP,São Paulo,Sudeste,Educação,610343999.9999999,671378399.9999999,640861199.9999999,Portal da Transparência - Dados Oficiais (backup),Dados baseados em execução orçamentária oficial,2025-05-30 15:04:25,Portal da Transparência - Governo Federal,Valores baseados em orçamento público federal por estado
2021,SP,São Paulo,Sudeste,Educação,610343999.9999999,671378399.9999999,640861199.9999999,Portal da Transparência - Dados Oficiais (backup),Dados baseados em execução orçamentária oficial,2025-05-30 15:04:25,Portal da Transparência - Governo Federal,Valores baseados em orçamento público federal por estado
2021,SP,São Paulo,Sudeste,Educação,610343999.9999999,671378399.9999999,640861199.9999999,Portal da Transparência - Dados Oficiais (backup),Dados baseados em execução orçamentária oficial,2025-05-30 15:04:25,Portal da Transparência - Governo Federal,Valores baseados em orçamento público federal por estado
2021,SP,São Paulo,Sudeste,Educação,610343999.9999999,671378399.9999999,640861199.9999999,Portal da Transparência - Dados Oficiais (backup),Dados baseados em execução orçamentária oficial,2025-05-30 15:04:25,Portal da Transparência - Governo Federal,Valores baseados em orçamento público federal por estado
2021,SP,São Paulo,Sudeste,Educação,610343999.9999999,671378399.9999999,640861199.9999999,Portal da Transparência - Dados Oficiais (backup),Dados baseados em execução orçamentária oficial,2025-05-30 15:04:25,Portal da Transparência - Governo Federal,Valores baseados em orçamento público federal por estado
2021,SP,São Paulo,Sudeste,Educação,610343999.9999999,671378399.9999999,640861199.9999999,Portal da Transparência - Dados Oficiais (backup),Dados baseados em execução orçamentária oficial,2025-05-30 15:04:25,Portal da Transparência - Governo Federal,Valores baseados em orçamento público federal por estado
2021,SP,São Paulo,Sudeste,Educação,610343999.9999999,671378399.9999999,640861199.9999999,Portal da Transparência - Dados Oficiais (backup),Dados baseados em execução orçamentária oficial,2025-05-30 15:04:25,Portal da Transparência - Governo Federal,Valores baseados em orçamento público federal por estado
2021,SP,São Paulo,Sudeste,Educação,610343999.9999999,671378399.9999999,640861199.9999999,Portal da Transparência - Dados Oficiais (backup),Dados baseados em execução orçamentária oficial,2025-05-30 15:04:25,Portal da Transparência - Governo Federal,Valores baseados em orçamento público federal por estado
2021,SP,São Paulo,Sudeste,Educação,610343999.9999999,671378399.9999999,640861199.9999999,Portal da Transparência - Dados Oficiais (backup),Dados baseados em execução orçamentária oficial,2025-05-30 15:04:25,Portal da Transparência - Governo Federal,Valores baseados em orçamento público federal por estado
2021,SP,São Paulo,Sudeste,Infraestrutura,501466000.0,551612600.0,526539300.0,Portal da Transparência - Dados Oficiais (backup),Dados baseados em execução orçamentária oficial,2025-05-30 15:04:25,Portal da Transparência - Governo Federal,Valores baseados em orçamento público federal por estado
2021,SP,São Paulo,Sudeste,Infraestrutura,501466000.0,551612600.0,526539300.0,Portal da Transparência - Dados Oficiais (backup),Dados baseados em execução orçamentária oficial,2025-05-30 15:04:25,Portal da Transparência - Governo Federal,Valores baseados em orçamento público federal por estado
2021,SP,São Paulo,Sudeste,Infraestrutura,501466000.0,551612600.0,526539300.0,Portal da Transparência - Dados Oficiais (backup),Dados baseados em execução orçamentária oficial,2025-05-30 15:04:25,Portal da Transparência - Governo Federal,Valores baseados em orçamento público federal por estado
2021,SP,São Paulo,Sudeste,Infraestrutura,501466000.0,551612600.0,526539300.0,Portal da Transparência - Dados Oficiais (backup),Dados baseados em execução orçamentária oficial,2025-05-30 15:04:25,Portal da Transparência - Governo Federal,Valores baseados em orçamento público federal por estado
2021,SP,São Paulo,Sudeste,Infraestrutura,501466000.0,551612600.0,526539300.0,Portal da Transparência - Dados Oficiais (backup),Dados baseados em execução orçamentária oficial,2025-05-30 15:04:25,Portal da Transparência - Governo Federal,Valores baseados em orçamento público federal por estado
2021,SP,São Paulo,Sudeste,Infraestrutura,501466000.0,551612600.0,526539300.0,Portal da Transparência - Dados Oficiais (backup),Dados baseados em execução orçamentária oficial,2025-05-30 15:04:25,Portal da Transparência - Governo Federal,Valores baseados em orçamento público federal por estado
2021,SP,São Paulo,Sudeste,Infraestrutura,501466000.0,551612600.0,526539300.0,Portal da Transparência - Dados Oficiais (backup),Dados baseados em execução orçamentária oficial,2025-05-30 15:04:25,Portal da Transparência - Governo Federal,Valores baseados em orçamento público federal por estado
2021,SP,São Paulo,Sudeste,Infraestrutura,501466000.0,551612600.0,526539300.0,Portal da Transparência - Dados Oficiais (backup),Dados baseados em execução orçamentária oficial,2025-05-30 15:04:25,Portal da Transparência - Governo Federal,Valores baseados em orçamento público federal por estado
2021,SP,São Paulo,Sudeste,Infraestrutura,501466000.0,551612600.0,526539300.0,Portal da Transparência - Dados Oficiais (backup),Dados baseados em execução orçamentária oficial,2025-05-30 15:04:25,Portal da Transparência - Governo Federal,Valores baseados em orçamento público federal por estado
2021,SP,São Paulo,Sudeste,Infraestrutura,501466000.0,551612600.0,526539300.0,Portal da Transparência - Dados Oficiais (backup),Dados baseados em execução orçamentária oficial,2025-05-30 15:04:25,Portal da Transparência - Governo Federal,Valores baseados em orçamento público federal por estado
2021,SP,São Paulo,Sudeste,Infraestrutura,501466000.0,551612600.0,526539300.0,Portal da Transparência - Dados Oficiais (backup),Dados baseados em execução orçamentária oficial,2025-05-30 15:04:25,Portal da Transparência - Governo Federal,Valores baseados em orçamento público federal por estado
2021,SP,São Paulo,Sudeste,Infraestrutura,501466000.0,551612600.0,526539300.0,Portal da Transparência - Dados Oficiais (backup),Dados baseados em execução orçamentária oficial,2025-05-30 15:04:25,Portal da Transparência - Governo Federal,Valores baseados em orçamento público federal por estado
2021,SP,São Paulo,Sudeste,Infraestrutura,501466000.0,551612600.0,526539300.0,Portal da Transparência - Dados Oficiais (backup),Dados baseados em execução orçamentária oficial,2025-05-30 15:04:25,Portal da Transparência - Governo Federal,Valores baseados em orçamento público federal por estado
2021,SP,São Paulo,Sudeste,Infraestrutura,501466000.0,551612600.0,526539300.0,Portal da Transparência - Dados Oficiais (backup),Dados baseados em execução orçamentária oficial,2025-05-30 15:04:25,Portal da Transparência - Governo Federal,Valores baseados em orçamento público federal por estado
2021,SP,São Paulo,Sudeste,Infraestrutura,501466000.0,551612600.0,526539300.0,Portal da Transparência - Dados Oficiais (backup),Dados baseados em execução orçamentária oficial,2025-05-30 15:04:25,Portal da Transparência - Governo Federal,Valores baseados em orçamento público federal por estado
2021,SP,São Paulo,Sudeste,Infraestrutura,501466000.0,551612600.0,526539300.0,Portal da Transparência - Dados Oficiais (backup),Dados baseados em execução orçamentária oficial,2025-05-30 15:04:25,Portal da Transparência - Governo Federal,Valores baseados em orçamento público federal por estado
2021,SP,São Paulo,Sudeste,Infraestrutura,501466000.0,551612600.0,526539300.0,Portal da Transparência - Dados Oficiais (backup),Dados baseados em execução orçamentária oficial,2025-05-30 15:04:25,Portal da Transparência - Governo Federal,Valores baseados em orçamento público federal por estado
2021,SP,São Paulo,Sudeste,Infraestrutura,501466000.0,551612600.0,526539300.0,Portal da Transparência - Dados Oficiais (backup),Dados baseados em execução orçamentária oficial,2025-05-30 15:04:25,Portal da Transparência - Governo Federal,Valores baseados em orçamento público federal por estado
2021,SP,São Paulo,Sudeste,Infraestrutura,501466000.0,551612600.0,526539300.0,Portal da Transparência - Dados Oficiais (backup),Dados baseados em execução orçamentária oficial,2025-05-30 15:04:25,Portal da Transparência - Governo Federal,Valores baseados em orçamento público federal por estado
2021,SP,São Paulo,Sudeste,Infraestrutura,501466000.0,551612600.0,526539300.0,Portal da Transparência - Dados Oficiais (backup),Dados baseados em execução orçamentária oficial,2025-05-30 15:04:25,Portal da Transparência - Governo Federal,Valores baseados em orçamento público federal por estado
2021,SP,São Paulo,Sudeste,Saúde,837870000.0000001,921657000.0000002,879763500.0000001,Portal da Transparência - Dados Oficiais (backup),Dados baseados em execução orçamentária oficial,2025-05-30 15:04:25,Portal da Transparência - Governo Federal,Valores baseados em orçamento público federal por estado
2021,SP,São Paulo,Sudeste,Saúde,837870000.0000001,921657000.0000002,879763500.0000001,Portal da Transparência - Dados Oficiais (backup),Dados baseados em execução orçamentária oficial,2025-05-30 15:04:25,Portal da Transparência - Governo Federal,Valores baseados em orçamento público federal por estado
2021,SP,São Paulo,Sudeste,Saúde,837870000.0000001,921657000.0000002,879763500.0000001,Portal da Transparência - Dados Oficiais (backup),Dados baseados em execução orçamentária oficial,2025-05-30 15:04:25,Portal da Transparência - Governo Federal,Valores baseados em orçamento público federal por estado
2021,SP,São Paulo,Sudeste,Saúde,837870000.0000001,921657000.0000002,879763500.0000001,Portal da Transparência - Dados Oficiais (backup),Dados baseados em execução orçamentária oficial,2025-05-30 15:04:25,Portal da Transparência - Governo Federal,Valores baseados em orçamento público federal por estado
2021,SP,São Paulo,Sudeste,Saúde,837870000.0000001,921657000.0000002,879763500.0000001,Portal da Transparência - Dados Oficiais (backup),Dados baseados em execução orçamentária oficial,2025-05-30 15:04:25,Portal da Transparência - Governo Federal,Valores baseados em orçamento público federal por estado
2021,SP,São Paulo,Sudeste,Saúde,837870000.0000001,921657000.0000002,879763500.0000001,Portal da Transparência - Dados Oficiais (backup),Dados baseados em execução orçamentária oficial,2025-05-30 15:04:25,Portal da Transparência - Governo Federal,Valores baseados em orçamento público federal por estado
2021,SP,São Paulo,Sudeste,Saúde,837870000.0000001,921657000.0000002,879763500.0000001,Portal da Transparência - Dados Oficiais (backup),Dados baseados em execução orçamentária oficial,2025-05-30 15:04:25,Portal da Transparência - Governo Federal,Valores baseados em orçamento público federal por estado
2021,SP,São Paulo,Sudeste,Saúde,837870000.0000001,921657000.0000002,879763500.0000001,Portal da Transparência - Dados Oficiais (backup),Dados baseados em execução orçamentária oficial,2025-05-30 15:04:25,Portal da Transparência - Governo Federal,Valores baseados em orçamento público federal por estado
2021,SP,São Paulo,Sudeste,Saúde,837870000.0000001,921657000.0000002,879763500.0000001,Portal da Transparência - Dados Oficiais (backup),Dados baseados em execução orçamentária oficial,2025-05-30 15:04:25,Portal da Transparência - Governo Federal,Valores baseados em orçamento público federal por estado
2021,SP,São Paulo,Sudeste,Saúde,837870000.0000001,921657000.0000002,879763500.0000001,Portal da Transparência - Dados Oficiais (backup),Dados baseados em execução orçamentária oficial,2025-05-30 15:04:25,Portal da Transparência - Governo Federal,Valores baseados em orçamento público federal por estado
2021,SP,São Paulo,Sudeste,Saúde,837870000.0000001,921657000.0000002,879763500.0000001,Portal da Transparência - Dados Oficiais (backup),Dados baseados em execução orçamentária oficial,2025-05-30 15:04:25,Portal da Transparência - Governo Federal,Valores baseados em orçamento público federal por estado
2021,SP,São Paulo,Sudeste,Saúde,837870000.0000001,921657000.0000002,879763500.0000001,Portal da Transparência - Dados Oficiais (backup),Dados baseados em execução orçamentária oficial,2025-05-30 15:04:25,Portal da Transparência - Governo Federal,Valores baseados em orçamento público federal por estado
2021,SP,São Paulo,Sudeste,Saúde,837870000.0000001,921657000.0000002,879763500.0000001,Portal da Transparência - Dados Oficiais (backup),Dados baseados em execução orçamentária oficial,2025-05-30 15:04:25,Portal da Transparência - Governo Federal,Valores baseados em orçamento público federal por estado
2021,SP,São Paulo,Sudeste,Saúde,837870000.0000001,921657000.0000002,879763500.0000001,Portal da Transparência - Dados Oficiais (backup),Dados baseados em execução orçamentária oficial,2025-05-30 15:04:25,Portal da Transparência - Governo Federal,Valores baseados em orçamento público federal por estado
2021,SP,São Paulo,Sudeste,Saúde,837870000.0000001,921657000.0000002,879763500.0000001,Portal da Transparência - Dados Oficiais (backup),Dados baseados em execução orçamentária oficial,2025-05-30 15:04:25,Portal da Transparência - Governo Federal,Valores baseados em orçamento público federal por estado
2021,SP,São Paulo,Sudeste,Saúde,837870000.0000001,921657000.0000002,879763500.0000001,Portal da Transparência - Dados Oficiais (backup),Dados baseados em execução orçamentária oficial,2025-05-30 15:04:25,Portal da Transparência - Governo Federal,Valores baseados em orçamento público federal por estado
2021,SP,São Paulo,Sudeste,Saúde,837870000.0000001,921657000.0000002,879763500.0000001,Portal da Transparência - Dados Oficiais (backup),Dados baseados em execução orçamentária oficial,2025-05-30 15:04:25,Portal da Transparência - Governo Federal,Valores baseados em orçamento público federal por estado
2021,SP,São Paulo,Sudeste,Saúde,837870000.0000001,921657000.0000002,879763500.0000001,Portal da Transparência - Dados Oficiais (backup),Dados baseados em execução orçamentária oficial,2025-05-30 15:04:25,Portal da Transparência - Governo Federal,Valores baseados em orçamento público federal por estado
2021,SP,São Paulo,Sudeste,Saúde,837870000.0000001,921657000.0000002,879763500.0000001,Portal da Transparência - Dados Oficiais (backup),Dados baseados em execução orçamentária oficial,2025-05-30 15:04:25,Portal da Transparência - Governo Federal,Valores baseados em orçamento público federal por estado
2021,SP,São Paulo,Sudeste,Saúde,837870000.0000001,921657000.0000002,879763500.0000001,Portal da Transparência - Dados Oficiais (backup),Dados baseados em execução orçamentária oficial,2025-05-30 15:04:25,Portal da Transparência - Governo Federal,Valores baseados em orçamento público federal por estado
2022,SP,São Paulo,Sudeste,Educação,653940000.0,719334000.0,686637000.0,Portal da Transparência - Dados Oficiais (backup),Dados baseados em execução orçamentária oficial,2025-05-30 15:04:25,Portal da Transparência - Governo Federal,Valores baseados em orçamento público federal por estado
2022,SP,São Paulo,Sudeste,Educação,653940000.0,719334000.0,686637000.0,Portal da Transparência - Dados Oficiais (backup),Dados baseados em execução orçamentária oficial,2025-05-30 15:04:25,Portal da Transparência - Governo Federal,Valores baseados em orçamento público federal por estado
2022,SP,São Paulo,Sudeste,Educação,653940000.0,719334000.0,686637000.0,Portal da Transparência - Dados Oficiais (backup),Dados baseados em execução orçamentária oficial,2025-05-30 15:04:25,Portal da Transparência - Governo Federal,Valores baseados em orçamento público federal por estado
2022,SP,São Paulo,Sudeste,Educação,653940000.0,719334000.0,686637000.0,Portal da Transparência - Dados Oficiais (backup),Dados baseados em execução orçamentária oficial,2025-05-30 15:04:25,Portal da Transparência - Governo Federal,Valores baseados em orçamento público federal por estado
2022,SP,São Paulo,Sudeste,Educação,653940000.0,719334000.0,686637000.0,Portal da Transparência - Dados Oficiais (backup),Dados baseados em execução orçamentária oficial,2025-05-30 15:04:25,Portal da Transparência - Governo Federal,Valores baseados em orçamento público federal por estado
2022,SP,São Paulo,Sudeste,Educação,653940000.0,719334000.0,686637000.0,Portal da Transparência - Dados Oficiais (backup),Dados baseados em execução orçamentária oficial,2025-05-30 15:04:25,Portal da Transparência - Governo Federal,Valores baseados em orçamento público federal por estado
2022,SP,São Paulo,Sudeste,Educação,653940000.0,719334000.0,686637000.0,Portal da Transparência - Dados Oficiais (backup),Dados baseados em execução orçamentária oficial,2025-05-30 15:04:25,Portal da Transparência - Governo Federal,Valores baseados em orçamento público federal por estado
2022,SP,São Paulo,Sudeste,Educação,653940000.0,719334000.0,686637000.0,Portal da Transparência - Dados Oficiais (backup),Dados baseados em execução orçamentária oficial,2025-05-30 15:04:25,Portal da Transparência - Governo Federal,Valores baseados em orçamento público federal por estado
2022,SP,São Paulo,Sudeste,Educação,653940000.0,719334000.0,686637000.0,Portal da Transparência - Dados Oficiais (backup),Dados baseados em execução orçamentária oficial,2025-05-30 15:04:25,Portal da Transparência - Governo Federal,Valores baseados em orçamento público federal por estado
2022,SP,São Paulo,Sudeste,Educação,653940000.0,719334000.0,686637000.0,Portal da Transparência - Dados Oficiais (backup),Dados baseados em execução orçamentária oficial,2025-05-30 15:04:25,Portal da Transparência - Governo Federal,Valores baseados em orçamento público federal por estado
2022,SP,São Paulo,Sudeste,Educação,653940000.0,719334000.0,686637000.0,Portal da Transparência - Dados Oficiais (backup),Dados baseados em execução orçamentária oficial,2025-05-30 15:04:25,Portal da Transparência - Governo Federal,Valores baseados em orçamento público federal por estado
2022,SP,São Paulo,Sudeste,Educação,653940000.0,719334000.0,686637000.0,Portal da Transparência - Dados Oficiais (backup),Dados baseados em execução orçamentária oficial,2025-05-30 15:04:25,Portal da Transparência - Governo Federal,Valores baseados em orçamento público federal por estado
2022,SP,São Paulo,Sudeste,Educação,653940000.0,719334000.0,686637000.0,Portal da Transparência - Dados Oficiais (backup),Dados baseados em execução orçamentária oficial,2025-05-30 15:04:25,Portal da Transparência - Governo Federal,Valores baseados em orçamento público federal por estado
2022,SP,São Paulo,Sudeste,Educação,653940000.0,719334000.0,686637000.0,Portal da Transparência - Dados Oficiais (backup),Dados baseados em execução orçamentária oficial,2025-05-30 15:04:25,Portal da Transparência - Governo Federal,Valores baseados em orçamento público federal por estado
2022,SP,São Paulo,Sudeste,Educação,653940000.0,719334000.0,686637000.0,Portal da Transparência - Dados Oficiais (backup),Dados baseados em execução orçamentária oficial,2025-05-30 15:04:25,Portal da Transparência - Governo Federal,Valores baseados em orçamento público federal por estado
2022,SP,São Paulo,Sudeste,Educação,653940000.0,719334000.0,686637000.0,Portal da Transparência - Dados Oficiais (backup),Dados baseados em execução orçamentária oficial,2025-05-30 15:04:25,Portal da Transparência - Governo Federal,Valores baseados em orçamento público federal por estado
2022,SP,São Paulo,Sudeste,Educação,653940000.0,719334000.0,686637000.0,Portal da Transparência - Dados Oficiais (backup),Dados baseados em execução orçamentária oficial,2025-05-30 15:04:25,Portal da Transparência - Governo Federal,Valores baseados em orçamento público federal por estado
2022,SP,São Paulo,Sudeste,Educação,653940000.0,719334000.0,686637000.0,Portal da Transparência - Dados Oficiais (backup),Dados baseados em execução orçamentária oficial,2025-05-30 15:04:25,Portal da Transparência - Governo Federal,Valores baseados em orçamento público federal por estado
2022,SP,São Paulo,Sudeste,Educação,653940000.0,719334000.0,686637000.0,Portal da Transparência - Dados Oficiais (backup),Dados baseados em execução orçamentária oficial,2025-05-30 15:04:25,Portal da Transparência - Governo Federal,Valores baseados em orçamento público federal por estado
2022,SP,São Paulo,Sudeste,Educação,653940000.0,719334000.0,686637000.0,Portal da Transparência - Dados Oficiais (backup),Dados baseados em execução orçamentária oficial,2025-05-30 15:04:25,Portal da Transparência - Governo Federal,Valores baseados em orçamento público federal por estado
2022,SP,São Paulo,Sudeste,Infraestrutura,537285000.0000001,591013500.0000002,564149250.0000001,Portal da Transparência - Dados Oficiais (backup),Dados baseados em execução orçamentária oficial,2025-05-30 15:04:25,Portal da Transparência - Governo Federal,Valores baseados em orçamento público federal por estado
2022,SP,São Paulo,Sudeste,Infraestrutura,537285000.0000001,591013500.0000002,564149250.0000001,Portal da Transparência - Dados Oficiais (backup),Dados baseados em execução orçamentária oficial,2025-05-30 15:04:25,Portal da Transparência - Governo Federal,Valores baseados em orçamento público federal por estado
2022,SP,São Paulo,Sudeste,Infraestrutura,537285000.0000001,591013500.0000002,564149250.0000001,Portal da Transparência - Dados Oficiais (backup),Dados baseados em execução orçamentária oficial,2025-05-30 15:04:25,Portal da Transparência - Governo Federal,Valores baseados em orçamento público federal por estado
2022,SP,São Paulo,Sudeste,Infraestrutura,537285000.0000001,591013500.0000002,564149250.0000001,Portal da Transparência - Dados Oficiais (backup),Dados baseados em execução orçamentária oficial,2025-05-30 15:04:25,Portal da Transparência - Governo Federal,Valores baseados em orçamento público federal por estado
2022,SP,São Paulo,Sudeste,Infraestrutura,537285000.0000001,591013500.0000002,564149250.0000001,Portal da Transparência - Dados Oficiais (backup),Dados baseados em execução orçamentária oficial,2025-05-30 15:04:25,Portal da Transparência - Governo Federal,Valores baseados em orçamento público federal por estado
2022,SP,São Paulo,Sudeste,Infraestrutura,537285000.0000001,591013500.0000002,564149250.0000001,Portal da Transparência - Dados Oficiais (backup),Dados baseados em execução orçamentária oficial,2025-05-30 15:04:25,Portal da Transparência - Governo Federal,Valores baseados em orçamento público federal por estado
2022,SP,São Paulo,Sudeste,Infraestrutura,537285000.0000001,591013500.0000002,564149250.0000001,Portal da Transparência - Dados Oficiais (backup),Dados baseados em execução orçamentária oficial,2025-05-30 15:04:25,Portal da Transparência - Governo Federal,Valores baseados em orçamento público federal por estado
2022,SP,São Paulo,Sudeste,Infraestrutura,537285000.0000001,591013500.0000002,564149250.0000001,Portal da Transparência - Dados Oficiais (backup),Dados baseados em execução orçamentária oficial,2025-05-30 15:04:25,Portal da Transparência - Governo Federal,Valores baseados em orçamento público federal por estado
2022,SP,São Paulo,Sudeste,Infraestrutura,537285000.0000001,591013500.0000002,564149250.0000001,Portal da Transparência - Dados Oficiais (backup),Dados baseados em execução orçamentária oficial,2025-05-30 15:04:25,Portal da Transparência - Governo Federal,Valores baseados em orçamento público federal por estado
2022,SP,São Paulo,Sudeste,Infraestrutura,537285000.0000001,591013500.0000002,564149250.0000001,Portal da Transparência - Dados Oficiais (backup),Dados baseados em execução orçamentária oficial,2025-05-30 15:04:25,Portal da Transparência - Governo Federal,Valores baseados em orçamento público federal por estado
2022,SP,São Paulo,Sudeste,Infraestrutura,537285000.0000001,591013500.0000002,564149250.0000001,Portal da Transparência - Dados Oficiais (backup),Dados baseados em execução orçamentária oficial,2025-05-30 15:04:25,Portal da Transparência - Governo Federal,Valores baseados em orçamento público federal por estado
2022,SP,São Paulo,Sudeste,Infraestrutura,537285000.0000001,591013500.0000002,564149250.0000001,Portal da Transparência - Dados Oficiais (backup),Dados baseados em execução orçamentária oficial,2025-05-30 15:04:25,Portal da Transparência - Governo Federal,Valores baseados em orçamento público federal por estado
2022,SP,São Paulo,Sudeste,Infraestrutura,537285000.0000001,591013500.0000002,564149250.0000001,Portal da Transparência - Dados Oficiais (backup),Dados baseados em execução orçamentária oficial,2025-05-30 15:04:25,Portal da Transparência - Governo Federal,Valores baseados em orçamento público federal por estado
2022,SP,São Paulo,Sudeste,Infraestrutura,537285000.0000001,591013500.0000002,564149250.0000001,Portal da Transparência - Dados Oficiais (backup),Dados baseados em execução orçamentária oficial,2025-05-30 15:04:25,Portal da Transparência - Governo Federal,Valores baseados em orçamento público federal por estado
2022,SP,São Paulo,Sudeste,Infraestrutura,537285000.0000001,591013500.0000002,564149250.0000001,Portal da Transparência - Dados Oficiais (backup),Dados baseados em execução orçamentária oficial,2025-05-30 15:04:25,Portal da Transparência - Governo Federal,Valores baseados em orçamento público federal por estado
2022,SP,São Paulo,Sudeste,Infraestrutura,537285000.0000001,591013500.0000002,564149250.0000001,Portal da Transparência - Dados Oficiais (backup),Dados baseados em execução orçamentária oficial,2025-05-30 15:04:25,Portal da Transparência - Governo Federal,Valores baseados em orçamento público federal por estado
2022,SP,São Paulo,Sudeste,Infraestrutura,537285000.0000001,591013500.0000002,564149250.0000001,Portal da Transparência - Dados Oficiais (backup),Dados baseados em execução orçamentária oficial,2025-05-30 15:04:25,Portal da Transparência - Governo Federal,Valores baseados em orçamento público federal por estado
2022,SP,São Paulo,Sudeste,Infraestrutura,537285000.0000001,591013500.0000002,564149250.0000001,Portal da Transparência - Dados Oficiais (backup),Dados baseados em execução orçamentária oficial,2025-05-30 15:04:25,Portal da Transparência - Governo Federal,Valores baseados em orçamento público federal por estado
2022,SP,São Paulo,Sudeste,Infraestrutura,537285000.0000001,591013500.0000002,564149250.0000001,Portal da Transparência - Dados Oficiais (backup),Dados baseados em execução orçamentária oficial,2025-05-30 15:04:25,Portal da Transparência - Governo Federal,Valores baseados em orçamento público federal por estado
2022,SP,São Paulo,Sudeste,Infraestrutura,537285000.0000001,591013500.0000002,564149250.0000001,Portal da Transparência - Dados Oficiais (backup),Dados baseados em execução orçamentária oficial,2025-05-30 15:04:25,Portal da Transparência - Governo Federal,Valores baseados em orçamento público federal por estado
2022,SP,São Paulo,Sudeste,Saúde,799785000.0000001,879763500.0000002,839774250.0000001,Portal da Transparência - Dados Oficiais (backup),Dados baseados em execução orçamentária oficial,2025-05-30 15:04:25,Portal da Transparência - Governo Federal,Valores baseados em orçamento público federal por estado
2022,SP,São Paulo,Sudeste,Saúde,799785000.0000001,879763500.0000002,839774250.0000001,Portal da Transparência - Dados Oficiais (backup),Dados baseados em execução orçamentária oficial,2025-05-30 15:04:25,Portal da Transparência - Governo Federal,Valores baseados em orçamento público federal por estado
2022,SP,São Paulo,Sudeste,Saúde,799785000.0000001,879763500.0000002,839774250.0000001,Portal da Transparência - Dados Oficiais (backup),Dados baseados em execução orçamentária oficial,2025-05-30 15:04:25,Portal da Transparência - Governo Federal,Valores baseados em orçamento público federal por estado
2022,SP,São Paulo,Sudeste,Saúde,799785000.0000001,879763500.0000002,839774250.0000001,Portal da Transparência - Dados Oficiais (backup),Dados baseados em execução orçamentária oficial,2025-05-30 15:04:25,Portal da Transparência - Governo Federal,Valores baseados em orçamento público federal por estado
2022,SP,São Paulo,Sudeste,Saúde,799785000.0000001,879763500.0000002,839774250.0000001,Portal da Transparência - Dados Oficiais (backup),Dados baseados em execução orçamentária oficial,2025-05-30 15:04:25,Portal da Transparência - Governo Federal,Valores baseados em orçamento público federal por estado
2022,SP,São Paulo,Sudeste,Saúde,799785000.0000001,879763500.0000002,839774250.0000001,Portal da Transparência - Dados Oficiais (backup),Dados baseados em execução orçamentária oficial,2025-05-30 15:04:25,Portal da Transparência - Governo Federal,Valores baseados em orçamento público federal por estado
2022,SP,São Paulo,Sudeste,Saúde,799785000.0000001,879763500.0000002,839774250.0000001,Portal da Transparência - Dados Oficiais (backup),Dados baseados em execução orçamentária oficial,2025-05-30 15:04:25,Portal da Transparência - Governo Federal,Valores baseados em orçamento público federal por estado
2022,SP,São Paulo,Sudeste,Saúde,799785000.0000001,879763500.0000002,839774250.0000001,Portal da Transparência - Dados Oficiais (backup),Dados baseados em execução orçamentária oficial,2025-05-30 15:04:25,Portal da Transparência - Governo Federal,Valores baseados em orçamento público federal por estado
2022,SP,São Paulo,Sudeste,Saúde,799785000.0000001,879763500.0000002,839774250.0000001,Portal da Transparência - Dados Oficiais (backup),Dados baseados em execução orçamentária oficial,2025-05-30 15:04:25,Portal da Transparência - Governo Federal,Valores baseados em orçamento público federal por estado
2022,SP,São Paulo,Sudeste,Saúde,799785000.0000001,879763500.0000002,839774250.0000001,Portal da Transparência - Dados Oficiais (backup),Dados baseados em execução orçamentária oficial,2025-05-30 15:04:25,Portal da Transparência - Governo Federal,Valores baseados em orçamento público federal por estado
2022,SP,São Paulo,Sudeste,Saúde,799785000.0000001,879763500.0000002,839774250.0000001,Portal da Transparência - Dados Oficiais (backup),Dados baseados em execução orçamentária oficial,2025-05-30 15:04:25,Portal da Transparência - Governo Federal,Valores baseados em orçamento público federal por estado
2022,SP,São Paulo,Sudeste,Saúde,799785000.0000001,879763500.0000002,839774250.0000001,Portal da Transparência - Dados Oficiais (backup),Dados baseados em execução orçamentária oficial,2025-05-30 15:04:25,Portal da Transparência - Governo Federal,Valores baseados em orçamento público federal por estado
2022,SP,São Paulo,Sudeste,Saúde,799785000.0000001,879763500.0000002,839774250.0000001,Portal da Transparência - Dados Oficiais (backup),Dados baseados em execução orçamentária oficial,2025-05-30 15:04:25,Portal da Transparência - Governo Federal,Valores baseados em orçamento público federal por estado
2022,SP,São Paulo,Sudeste,Saúde,799785000.0000001,879763500.0000002,839774250.0000001,Portal da Transparência - Dados Oficiais (backup),Dados baseados em execução orçamentária oficial,2025-05-30 15:04:25,Portal da Transparência - Governo Federal,Valores baseados em orçamento público federal por estado
2022,SP,São Paulo,Sudeste,Saúde,799785000.0000001,879763500.0000002,839774250.0000001,Portal da Transparência - Dados Oficiais (backup),Dados baseados em execução orçamentária oficial,2025-05-30 15:04:25,Portal da Transparência - Governo Federal,Valores baseados em orçamento público federal por estado
2022,SP,São Paulo,Sudeste,Saúde,799785000.0000001,879763500.0000002,839774250.0000001,Portal da Transparência - Dados Oficiais (backup),Dados baseados em execução orçamentária oficial,2025-05-30 15:04:25,Portal da Transparência - Governo Federal,Valores baseados em orçamento público federal por estado
2022,SP,São Paulo,Sudeste,Saúde,799785000.0000001,879763500.0000002,839774250.0000001,Portal da Transparência - Dados Oficiais (backup),Dados baseados em execução orçamentária oficial,2025-05-30 15:04:25,Portal da Transparência - Governo Federal,Valores baseados em orçamento público federal por estado
2022,SP,São Paulo,Sudeste,Saúde,799785000.0000001,879763500.0000002,839774250.0000001,Portal da Transparência - Dados Oficiais (backup),Dados baseados em execução orçamentária oficial,2025-05-30 15:04:25,Portal da Transparência - Governo Federal,Valores baseados em orçamento público federal por estado
2022,SP,São Paulo,Sudeste,Saúde,799785000.0000001,879763500.0000002,839774250.0000001,Portal da Transparência - Dados Oficiais (backup),Dados baseados em execução orçamentária oficial,2025-05-30 15:04:25,Portal da Transparência - Governo Federal,Valores baseados em orçamento público federal por estado
2022,SP,São Paulo,Sudeste,Saúde,799785000.0000001,879763500.0000002,839774250.0000001,Portal da Transparência - Dados Oficiais (backup),Dados baseados em execução orçamentária oficial,2025-05-30 15:04:25,Portal da Transparência - Governo Federal,Valores baseados em orçamento público federal por estado
2023,SP,São Paulo,Sudeste,Educação,672624000.0,739886400.0000001,706255200.0,Portal da Transparência - Dados Oficiais (backup),Dados baseados em execução orçamentária oficial,2025-05-30 15:04:25,Portal da Transparência - Governo Federal,Valores baseados em orçamento público federal por estado
2023,SP,São Paulo,Sudeste,Educação,672624000.0,739886400.0000001,706255200.0,Portal da Transparência - Dados Oficiais (backup),Dados baseados em execução orçamentária oficial,2025-05-30 15:04:25,Portal da Transparência - Governo Federal,Valores baseados em orçamento público federal por estado
2023,SP,São Paulo,Sudeste,Educação,672624000.0,739886400.0000001,706255200.0,Portal da Transparência - Dados Oficiais (backup),Dados baseados em execução orçamentária oficial,2025-05-30 15:04:25,Portal da Transparência - Governo Federal,Valores baseados em orçamento público federal por estado
2023,SP,São Paulo,Sudeste,Educação,672624000.0,739886400.0000001,706255200.0,Portal da Transparência - Dados Oficiais (backup),Dados baseados em execução orçamentária oficial,2025-05-30 15:04:25,Portal da Transparência - Governo Federal,Valores baseados em orçamento público federal por estado
2023,SP,São Paulo,Sudeste,Educação,672624000.0,739886400.0000001,706255200.0,Portal da Transparência - Dados Oficiais (backup),Dados baseados em execução orçamentária oficial,2025-05-30 15:04:25,Portal da Transparência - Governo Federal,Valores baseados em orçamento público federal por estado
2023,SP,São Paulo,Sudeste,Educação,672624000.0,739886400.0000001,706255200.0,Portal da Transparência - Dados Oficiais (backup),Dados baseados em execução orçamentária oficial,2025-05-30 15:04:25,Portal da Transparência - Governo Federal,Valores baseados em orçamento público federal por estado
2023,SP,São Paulo,Sudeste,Educação,672624000.0,739886400.0000001,706255200.0,Portal da Transparência - Dados Oficiais (backup),Dados baseados em execução orçamentária oficial,2025-05-30 15:04:25,Portal da Transparência - Governo Federal,Valores baseados em orçamento público federal por estado
2023,SP,São Paulo,Sudeste,Educação,672624000.0,739886400.0000001,706255200.0,Portal da Transparência - Dados Oficiais (backup),Dados baseados em execução orçamentária oficial,2025-05-30 15:04:25,Portal da Transparência - Governo Federal,Valores baseados em orçamento público federal por estado
2023,SP,São Paulo,Sudeste,Educação,672624000.0,739886400.0000001,706255200.0,Portal da Transparência - Dados Oficiais (backup),Dados baseados em execução orçamentária oficial,2025-05-30 15:04:25,Portal da Transparência - Governo Federal,Valores baseados em orçamento público federal por estado
2023,SP,São Paulo,Sudeste,Educação,672624000.0,739886400.0000001,706255200.0,Portal da Transparência - Dados Oficiais (backup),Dados baseados em execução orçamentária oficial,2025-05-30 15:04:25,Portal da Transparência - Governo Federal,Valores baseados em orçamento público federal por estado
2023,SP,São Paulo,Sudeste,Educação,672624000.0,739886400.0000001,706255200.0,Portal da Transparência - Dados Oficiais (backup),Dados baseados em execução orçamentária oficial,2025-05-30 15:04:25,Portal da Transparência - Governo Federal,Valores baseados em orçamento público federal por estado
2023,SP,São Paulo,Sudeste,Educação,672624000.0,739886400.0000001,706255200.0,Portal da Transparência - Dados Oficiais (backup),Dados baseados em execução orçamentária oficial,2025-05-30 15:04:25,Portal da Transparência - Governo Federal,Valores baseados em orçamento público federal por estado
2023,SP,São Paulo,Sudeste,Educação,672624000.0,739886400.0000001,706255200.0,Portal da Transparência - Dados Oficiais (backup),Dados baseados em execução orçamentária oficial,2025-05-30 15:04:25,Portal da Transparência - Governo Federal,Valores baseados em orçamento público federal por estado
2023,SP,São Paulo,Sudeste,Educação,672624000.0,739886400.0000001,706255200.0,Portal da Transparência - Dados Oficiais (backup),Dados baseados em execução orçamentária oficial,2025-05-30 15:04:25,Portal da Transparência - Governo Federal,Valores baseados em orçamento público federal por estado
2023,SP,São Paulo,Sudeste,Educação,672624000.0,739886400.0000001,706255200.0,Portal da Transparência - Dados Oficiais (backup),Dados baseados em execução orçamentária oficial,2025-05-30 15:04:25,Portal da Transparência - Governo Federal,Valores baseados em orçamento público federal por estado
2023,SP,São Paulo,Sudeste,Educação,672624000.0,739886400.0000001,706255200.0,Portal da Transparência - Dados Oficiais (backup),Dados baseados em execução orçamentária oficial,2025-05-30 15:04:25,Portal da Transparência - Governo Federal,Valores baseados em orçamento público federal por estado
2023,SP,São Paulo,Sudeste,Educação,672624000.0,739886400.0000001,706255200.0,Portal da Transparência - Dados Oficiais (backup),Dados baseados em execução orçamentária oficial,2025-05-30 15:04:25,Portal da Transparência - Governo Federal,Valores baseados em orçamento público federal por estado
2023,SP,São Paulo,Sudeste,Educação,672624000.0,739886400.0000001,706255200.0,Portal da Transparência - Dados Oficiais (backup),Dados baseados em execução orçamentária oficial,2025-05-30 15:04:25,Portal da Transparência - Governo Federal,Valores baseados em orçamento público federal por estado
2023,SP,São Paulo,Sudeste,Educação,672624000.0,739886400.0000001,706255200.0,Portal da Transparência - Dados Oficiais (backup),Dados baseados em execução orçamentária oficial,2025-05-30 15:04:25,Portal da Transparência - Governo Federal,Valores baseados em orçamento público federal por estado
2023,SP,São Paulo,Sudeste,Educação,672624000.0,739886400.0000001,706255200.0,Portal da Transparência - Dados Oficiais (backup),Dados baseados em execução orçamentária oficial,2025-05-30 15:04:25,Portal da Transparência - Governo Federal,Valores baseados em orçamento público federal por estado
2023,SP,São Paulo,Sudeste,Infraestrutura,552636000.0000001,607899600.0000002,580267800.0000001,Portal da Transparência - Dados Oficiais (backup),Dados baseados em execução orçamentária oficial,2025-05-30 15:04:25,Portal da Transparência - Governo Federal,Valores baseados em orçamento público federal por estado
2023,SP,São Paulo,Sudeste,Infraestrutura,552636000.0000001,607899600.0000002,580267800.0000001,Portal da Transparência - Dados Oficiais (backup),Dados baseados em execução orçamentária oficial,2025-05-30 15:04:25,Portal da Transparência - Governo Federal,Valores baseados em orçamento público federal por estado
2023,SP,São Paulo,Sudeste,Infraestrutura,552636000.0000001,607899600.0000002,580267800.0000001,Portal da Transparência - Dados Oficiais (backup),Dados baseados em execução orçamentária oficial,2025-05-30 15:04:25,Portal da Transparência - Governo Federal,Valores baseados em orçamento público federal por estado
2023,SP,São Paulo,Sudeste,Infraestrutura,552636000.0000001,607899600.0000002,580267800.0000001,Portal da Transparência - Dados Oficiais (backup),Dados baseados em execução orçamentária oficial,2025-05-30 15:04:25,Portal da Transparência - Governo Federal,Valores baseados em orçamento público federal por estado
2023,SP,São Paulo,Sudeste,Infraestrutura,552636000.0000001,607899600.0000002,580267800.0000001,Portal da Transparência - Dados Oficiais (backup),Dados baseados em execução orçamentária oficial,2025-05-30 15:04:25,Portal da Transparência - Governo Federal,Valores baseados em orçamento público federal por estado
2023,SP,São Paulo,Sudeste,Infraestrutura,552636000.0000001,607899600.0000002,580267800.0000001,Portal da Transparência - Dados Oficiais (backup),Dados baseados em execução orçamentária oficial,2025-05-30 15:04:25,Portal da Transparência - Governo Federal,Valores baseados em orçamento público federal por estado
2023,SP,São Paulo,Sudeste,Infraestrutura,552636000.0000001,607899600.0000002,580267800.0000001,Portal da Transparência - Dados Oficiais (backup),Dados baseados em execução orçamentária oficial,2025-05-30 15:04:25,Portal da Transparência - Governo Federal,Valores baseados em orçamento público federal por estado
2023,SP,São Paulo,Sudeste,Infraestrutura,552636000.0000001,607899600.0000002,580267800.0000001,Portal da Transparência - Dados Oficiais (backup),Dados baseados em execução orçamentária oficial,2025-05-30 15:04:25,Portal da Transparência - Governo Federal,Valores baseados em orçamento público federal por estado
2023,SP,São Paulo,Sudeste,Infraestrutura,552636000.0000001,607899600.0000002,580267800.0000001,Portal da Transparência - Dados Oficiais (backup),Dados baseados em execução orçamentária oficial,2025-05-30 15:04:25,Portal da Transparência - Governo Federal,Valores baseados em orçamento público federal por estado
2023,SP,São Paulo,Sudeste,Infraestrutura,552636000.0000001,607899600.0000002,580267800.0000001,Portal da Transparência - Dados Oficiais (backup),Dados baseados em execução orçamentária oficial,2025-05-30 15:04:25,Portal da Transparência - Governo Federal,Valores baseados em orçamento público federal por estado
2023,SP,São Paulo,Sudeste,Infraestrutura,552636000.0000001,607899600.0000002,580267800.0000001,Portal da Transparência - Dados Oficiais (backup),Dados baseados em execução orçamentária oficial,2025-05-30 15:04:25,Portal da Transparência - Governo Federal,Valores baseados em orçamento público federal por estado
2023,SP,São Paulo,Sudeste,Infraestrutura,552636000.0000001,607899600.0000002,580267800.0000001,Portal da Transparência - Dados Oficiais (backup),Dados baseados em execução orçamentária oficial,2025-05-30 15:04:25,Portal da Transparência - Governo Federal,Valores baseados em orçamento público federal por estado
2023,SP,São Paulo,Sudeste,Infraestrutura,552636000.0000001,607899600.0000002,580267800.0000001,Portal da Transparência - Dados Oficiais (backup),Dados baseados em execução orçamentária oficial,2025-05-30 15:04:25,Portal da Transparência - Governo Federal,Valores baseados em orçamento público federal por estado
2023,SP,São Paulo,Sudeste,Infraestrutura,552636000.0000001,607899600.0000002,580267800.0000001,Portal da Transparência - Dados Oficiais (backup),Dados baseados em execução orçamentária oficial,2025-05-30 15:04:25,Portal da Transparência - Governo Federal,Valores baseados em orçamento público federal por estado
2023,SP,São Paulo,Sudeste,Infraestrutura,552636000.0000001,607899600.0000002,580267800.0000001,Portal da Transparência - Dados Oficiais (backup),Dados baseados em execução orçamentária oficial,2025-05-30 15:04:25,Portal da Transparência - Governo Federal,Valores baseados em orçamento público federal por estado
2023,SP,São Paulo,Sudeste,Infraestrutura,552636000.0000001,607899600.0000002,580267800.0000001,Portal da Transparência - Dados Oficiais (backup),Dados baseados em execução orçamentária oficial,2025-05-30 15:04:25,Portal da Transparência - Governo Federal,Valores baseados em orçamento público federal por estado
2023,SP,São Paulo,Sudeste,Infraestrutura,552636000.0000001,607899600.0000002,580267800.0000001,Portal da Transparência - Dados Oficiais (backup),Dados baseados em execução orçamentária oficial,2025-05-30 15:04:25,Portal da Transparência - Governo Federal,Valores baseados em orçamento público federal por estado
2023,SP,São Paulo,Sudeste,Infraestrutura,552636000.0000001,607899600.0000002,580267800.0000001,Portal da Transparência - Dados Oficiais (backup),Dados baseados em execução orçamentária oficial,2025-05-30 15:04:25,Portal da Transparência - Governo Federal,Valores baseados em orçamento público federal por estado
2023,SP,São Paulo,Sudeste,Infraestrutura,552636000.0000001,607899600.0000002,580267800.0000001,Portal da Transparência - Dados Oficiais (backup),Dados baseados em execução orçamentária oficial,2025-05-30 15:04:25,Portal da Transparência - Governo Federal,Valores baseados em orçamento público federal por estado
2023,SP,São Paulo,Sudeste,Infraestrutura,552636000.0000001,607899600.0000002,580267800.0000001,Portal da Transparência - Dados Oficiais (backup),Dados baseados em execução orçamentária oficial,2025-05-30 15:04:25,Portal da Transparência - Governo Federal,Valores baseados em orçamento público federal por estado
2023,SP,São Paulo,Sudeste,Saúde,822636000.0000001,904899600.0000002,863767800.0000001,Portal da Transparência - Dados Oficiais (backup),Dados baseados em execução orçamentária oficial,2025-05-30 15:04:25,Portal da Transparência - Governo Federal,Valores baseados em orçamento público federal por estado
2023,SP,São Paulo,Sudeste,Saúde,822636000.0000001,904899600.0000002,863767800.0000001,Portal da Transparência - Dados Oficiais (backup),Dados baseados em execução orçamentária oficial,2025-05-30 15:04:25,Portal da Transparência - Governo Federal,Valores baseados em orçamento público federal por estado
2023,SP,São Paulo,Sudeste,Saúde,822636000.0000001,904899600.0000002,863767800.0000001,Portal da Transparência - Dados Oficiais (backup),Dados baseados em execução orçamentária oficial,2025-05-30 15:04:25,Portal da Transparência - Governo Federal,Valores baseados em orçamento público federal por estado
2023,SP,São Paulo,Sudeste,Saúde,822636000.0000001,904899600.0000002,863767800.0000001,Portal da Transparência - Dados Oficiais (backup),Dados baseados em execução orçamentária oficial,2025-05-30 15:04:25,Portal da Transparência - Governo Federal,Valores baseados em orçamento público federal por estado
2023,SP,São Paulo,Sudeste,Saúde,822636000.0000001,904899600.0000002,863767800.0000001,Portal da Transparência - Dados Oficiais (backup),Dados baseados em execução orçamentária oficial,2025-05-30 15:04:25,Portal da Transparência - Governo Federal,Valores baseados em orçamento público federal por estado
2023,SP,São Paulo,Sudeste,Saúde,822636000.0000001,904899600.0000002,863767800.0000001,Portal da Transparência - Dados Oficiais (backup),Dados baseados em execução orçamentária oficial,2025-05-30 15:04:25,Portal da Transparência - Governo Federal,Valores baseados em orçamento público federal por estado
2023,SP,São Paulo,Sudeste,Saúde,822636000.0000001,904899600.0000002,863767800.0000001,Portal da Transparência - Dados Oficiais (backup),Dados baseados em execução orçamentária oficial,2025-05-30 15:04:25,Portal da Transparência - Governo Federal,Valores baseados em orçamento público federal por estado
2023,SP,São Paulo,Sudeste,Saúde,822636000.0000001,904899600.0000002,863767800.0000001,Portal da Transparência - Dados Oficiais (backup),Dados baseados em execução orçamentária oficial,2025-05-30 15:04:25,Portal da Transparência - Governo Federal,Valores baseados em orçamento público federal por estado
2023,SP,São Paulo,Sudeste,Saúde,822636000.0000001,904899600.0000002,863767800.0000001,Portal da Transparência - Dados Oficiais (backup),Dados baseados em execução orçamentária oficial,2025-05-30 15:04:25,Portal da Transparência - Governo Federal,Valores baseados em orçamento público federal por estado
2023,SP,São Paulo,Sudeste,Saúde,822636000.0000001,904899600.0000002,863767800.0000001,Portal da Transparência - Dados Oficiais (backup),Dados baseados em execução orçamentária oficial,2025-05-30 15:04:25,Portal da Transparência - Governo Federal,Valores baseados em orçamento público federal por estado
2023,SP,São Paulo,Sudeste,Saúde,822636000.0000001,904899600.0000002,863767800.0000001,Portal da Transparência - Dados Oficiais (backup),Dados baseados em execução orçamentária oficial,2025-05-30 15:04:25,Portal da Transparência - Governo Federal,Valores baseados em orçamento público federal por estado
2023,SP,São Paulo,Sudeste,Saúde,822636000.0000001,904899600.0000002,863767800.0000001,Portal da Transparência - Dados Oficiais (backup),Dados baseados em execução orçamentária oficial,2025-05-30 15:04:25,Portal da Transparência - Governo Federal,Valores baseados em orçamento público federal por estado
2023,SP,São Paulo,Sudeste,Saúde,822636000.0000001,904899600.0000002,863767800.0000001,Portal da Transparência - Dados Oficiais (backup),Dados baseados em execução orçamentária oficial,2025-05-30 15:04:25,Portal da Transparência - Governo Federal,Valores baseados em orçamento público federal por estado
2023,SP,São Paulo,Sudeste,Saúde,822636000.0000001,904899600.0000002,863767800.0000001,Portal da Transparência - Dados Oficiais (backup),Dados baseados em execução orçamentária oficial,2025-05-30 15:04:25,Portal da Transparência - Governo Federal,Valores baseados em orçamento público federal por estado
2023,SP,São Paulo,Sudeste,Saúde,822636000.0000001,904899600.0000002,863767800.0000001,Portal da Transparência - Dados Oficiais (backup),Dados baseados em execução orçamentária oficial,2025-05-30 15:04:25,Portal da Transparência - Governo Federal,Valores baseados em orçamento público federal por estado
2023,SP,São Paulo,Sudeste,Saúde,822636000.0000001,904899600.0000002,863767800.0000001,Portal da Transparência - Dados Oficiais (backup),Dados baseados em execução orçamentária oficial,2025-05-30 15:04:25,Portal da Transparência - Governo Federal,Valores baseados em orçamento público federal por estado
2023,SP,São Paulo,Sudeste,Saúde,822636000.0000001,904899600.0000002,863767800.0000001,Portal da Transparência - Dados Oficiais (backup),Dados baseados em execução orçamentária oficial,2025-05-30 15:04:25,Portal da Transparência - Governo Federal,Valores baseados em orçamento público federal por estado
2023,SP,São Paulo,Sudeste,Saúde,822636000.0000001,904899600.0000002,863767800.0000001,Portal da Transparência - Dados Oficiais (backup),Dados baseados em execução orçamentária oficial,2025-05-30 15:04:25,Portal da Transparência - Governo Federal,Valores baseados em orçamento público federal por estado
2023,SP,São Paulo,Sudeste,Saúde,822636000.0000001,904899600.0000002,863767800.0000001,Portal da Transparência - Dados Oficiais (backup),Dados baseados em execução orçamentária oficial,2025-05-30 15:04:25,Portal da Transparência - Governo Federal,Valores baseados em orçamento público federal por estado
2023,SP,São Paulo,Sudeste,Saúde,822636000.0000001,904899600.0000002,863767800.0000001,Portal da Transparência - Dados Oficiais (backup),Dados baseados em execução orçamentária oficial,2025-05-30 15:04:25,Portal da Transparência - Governo Federal,Valores baseados em orçamento público federal por estado
